month,cost_center,job_family,beginning_headcount,hires,attrition,ending_headcount,average_headcount,loaded_cost_per_employee,personnel_expense,classification
2025-01-01,Consumer Card Products & Portfolio,Analyst / Associate,499.56,5.244000000000001,3.588,501.216,500.388,145000,6.046355,SYNTHETIC_ASSUMPTION
2025-01-01,Consumer Card Products & Portfolio,Manager / Senior Manager,336.66,3.5340000000000003,2.418,337.77599999999995,337.21799999999996,205000,5.760807499999999,SYNTHETIC_ASSUMPTION
2025-01-01,Consumer Card Products & Portfolio,Director,184.62,1.9380000000000002,1.326,185.232,184.92600000000002,285000,4.391992500000001,SYNTHETIC_ASSUMPTION
2025-01-01,Consumer Card Products & Portfolio,VP+,65.16,0.6839999999999999,0.46799999999999997,65.37599999999999,65.268,430000,2.33877,SYNTHETIC_ASSUMPTION
2025-01-01,Lending & U.S. Consumer Banking,Analyst / Associate,499.56,5.244000000000001,3.588,501.216,500.388,145000,6.046355,SYNTHETIC_ASSUMPTION
2025-01-01,Lending & U.S. Consumer Banking,Manager / Senior Manager,336.66,3.5340000000000003,2.418,337.77599999999995,337.21799999999996,205000,5.760807499999999,SYNTHETIC_ASSUMPTION
2025-01-01,Lending & U.S. Consumer Banking,Director,184.62,1.9380000000000002,1.326,185.232,184.92600000000002,285000,4.391992500000001,SYNTHETIC_ASSUMPTION
2025-01-01,Lending & U.S. Consumer Banking,VP+,65.16,0.6839999999999999,0.46799999999999997,65.37599999999999,65.268,430000,2.33877,SYNTHETIC_ASSUMPTION
2025-01-01,Membership Rewards & Card Member Benefits,Analyst / Associate,499.56,5.244000000000001,3.588,501.216,500.388,145000,6.046355,SYNTHETIC_ASSUMPTION
2025-01-01,Membership Rewards & Card Member Benefits,Manager / Senior Manager,336.66,3.5340000000000003,2.418,337.77599999999995,337.21799999999996,205000,5.760807499999999,SYNTHETIC_ASSUMPTION
2025-01-01,Membership Rewards & Card Member Benefits,Director,184.62,1.9380000000000002,1.326,185.232,184.92600000000002,285000,4.391992500000001,SYNTHETIC_ASSUMPTION
2025-01-01,Membership Rewards & Card Member Benefits,VP+,65.16,0.6839999999999999,0.46799999999999997,65.37599999999999,65.268,430000,2.33877,SYNTHETIC_ASSUMPTION
2025-01-01,"Travel, Lifestyle, Dining & Lounges",Analyst / Associate,333.04,3.4960000000000004,2.3920000000000003,334.144,333.59200000000004,145000,4.030903333333334,SYNTHETIC_ASSUMPTION
2025-01-01,"Travel, Lifestyle, Dining & Lounges",Manager / Senior Manager,224.44,2.3560000000000003,1.612,225.184,224.812,205000,3.8405383333333334,SYNTHETIC_ASSUMPTION
2025-01-01,"Travel, Lifestyle, Dining & Lounges",Director,123.08000000000001,1.2920000000000003,0.8840000000000001,123.488,123.28400000000002,285000,2.9279950000000006,SYNTHETIC_ASSUMPTION
2025-01-01,"Travel, Lifestyle, Dining & Lounges",VP+,43.44,0.456,0.312,43.583999999999996,43.512,430000,1.55918,SYNTHETIC_ASSUMPTION
2025-01-01,Cobrand Partnerships & Business Development,Analyst / Associate,416.3,4.37,2.99,417.68,416.99,145000,5.038629166666667,SYNTHETIC_ASSUMPTION
2025-01-01,Cobrand Partnerships & Business Development,Manager / Senior Manager,280.55,2.945,2.015,281.48,281.015,205000,4.800672916666667,SYNTHETIC_ASSUMPTION
2025-01-01,Cobrand Partnerships & Business Development,Director,153.85000000000002,1.6150000000000002,1.105,154.36,154.10500000000002,285000,3.6599937500000004,SYNTHETIC_ASSUMPTION
2025-01-01,Cobrand Partnerships & Business Development,VP+,54.3,0.57,0.39,54.48,54.39,430000,1.948975,SYNTHETIC_ASSUMPTION
2025-01-01,U.S. Consumer Marketing & Acquisition,Analyst / Associate,499.56,5.244000000000001,3.588,501.216,500.388,145000,6.046355,SYNTHETIC_ASSUMPTION
2025-01-01,U.S. Consumer Marketing & Acquisition,Manager / Senior Manager,336.66,3.5340000000000003,2.418,337.77599999999995,337.21799999999996,205000,5.760807499999999,SYNTHETIC_ASSUMPTION
2025-01-01,U.S. Consumer Marketing & Acquisition,Director,184.62,1.9380000000000002,1.326,185.232,184.92600000000002,285000,4.391992500000001,SYNTHETIC_ASSUMPTION
2025-01-01,U.S. Consumer Marketing & Acquisition,VP+,65.16,0.6839999999999999,0.46799999999999997,65.37599999999999,65.268,430000,2.33877,SYNTHETIC_ASSUMPTION
2025-01-01,"Product, Data & Technology",Analyst / Associate,749.34,7.866,5.382,751.824,750.5820000000001,145000,9.069532500000001,SYNTHETIC_ASSUMPTION
2025-01-01,"Product, Data & Technology",Manager / Senior Manager,504.99,5.300999999999999,3.627,506.66399999999993,505.827,205000,8.64121125,SYNTHETIC_ASSUMPTION
2025-01-01,"Product, Data & Technology",Director,276.93,2.907,1.989,277.848,277.389,285000,6.58798875,SYNTHETIC_ASSUMPTION
2025-01-01,"Product, Data & Technology",VP+,97.74,1.0259999999999998,0.702,98.064,97.902,430000,3.508155,SYNTHETIC_ASSUMPTION
2025-01-01,"Servicing, Operations & Business Support",Analyst / Associate,666.08,6.992000000000001,4.784000000000001,668.288,667.1840000000001,145000,8.061806666666667,SYNTHETIC_ASSUMPTION
2025-01-01,"Servicing, Operations & Business Support",Manager / Senior Manager,448.88,4.712000000000001,3.224,450.368,449.624,205000,7.681076666666667,SYNTHETIC_ASSUMPTION
2025-01-01,"Servicing, Operations & Business Support",Director,246.16000000000003,2.5840000000000005,1.7680000000000002,246.976,246.56800000000004,285000,5.855990000000001,SYNTHETIC_ASSUMPTION
2025-01-01,"Servicing, Operations & Business Support",VP+,86.88,0.912,0.624,87.16799999999999,87.024,430000,3.11836,SYNTHETIC_ASSUMPTION
2025-02-01,Consumer Card Products & Portfolio,Analyst / Associate,501.216,4.416,3.5328,502.0992,501.6576,145000,6.061696,SYNTHETIC_ASSUMPTION
2025-02-01,Consumer Card Products & Portfolio,Manager / Senior Manager,337.77599999999995,2.976,2.3808,338.3712,338.0736,205000,5.775424,SYNTHETIC_ASSUMPTION
2025-02-01,Consumer Card Products & Portfolio,Director,185.232,1.6320000000000001,1.3056,185.5584,185.39520000000002,285000,4.403136000000001,SYNTHETIC_ASSUMPTION
2025-02-01,Consumer Card Products & Portfolio,VP+,65.37599999999999,0.576,0.4608,65.49119999999999,65.4336,430000,2.344704,SYNTHETIC_ASSUMPTION
2025-02-01,Lending & U.S. Consumer Banking,Analyst / Associate,501.216,4.416,3.5328,502.0992,501.6576,145000,6.061696,SYNTHETIC_ASSUMPTION
2025-02-01,Lending & U.S. Consumer Banking,Manager / Senior Manager,337.77599999999995,2.976,2.3808,338.3712,338.0736,205000,5.775424,SYNTHETIC_ASSUMPTION
2025-02-01,Lending & U.S. Consumer Banking,Director,185.232,1.6320000000000001,1.3056,185.5584,185.39520000000002,285000,4.403136000000001,SYNTHETIC_ASSUMPTION
2025-02-01,Lending & U.S. Consumer Banking,VP+,65.37599999999999,0.576,0.4608,65.49119999999999,65.4336,430000,2.344704,SYNTHETIC_ASSUMPTION
2025-02-01,Membership Rewards & Card Member Benefits,Analyst / Associate,501.216,4.416,3.5328,502.0992,501.6576,145000,6.061696,SYNTHETIC_ASSUMPTION
2025-02-01,Membership Rewards & Card Member Benefits,Manager / Senior Manager,337.77599999999995,2.976,2.3808,338.3712,338.0736,205000,5.775424,SYNTHETIC_ASSUMPTION
2025-02-01,Membership Rewards & Card Member Benefits,Director,185.232,1.6320000000000001,1.3056,185.5584,185.39520000000002,285000,4.403136000000001,SYNTHETIC_ASSUMPTION
2025-02-01,Membership Rewards & Card Member Benefits,VP+,65.37599999999999,0.576,0.4608,65.49119999999999,65.4336,430000,2.344704,SYNTHETIC_ASSUMPTION
2025-02-01,"Travel, Lifestyle, Dining & Lounges",Analyst / Associate,334.144,2.9440000000000004,2.3552,334.73280000000005,334.4384,145000,4.041130666666667,SYNTHETIC_ASSUMPTION
2025-02-01,"Travel, Lifestyle, Dining & Lounges",Manager / Senior Manager,225.184,1.984,1.5872,225.5808,225.3824,205000,3.8502826666666663,SYNTHETIC_ASSUMPTION
2025-02-01,"Travel, Lifestyle, Dining & Lounges",Director,123.488,1.088,0.8704000000000001,123.70560000000002,123.5968,285000,2.935424,SYNTHETIC_ASSUMPTION
2025-02-01,"Travel, Lifestyle, Dining & Lounges",VP+,43.583999999999996,0.384,0.3072,43.6608,43.6224,430000,1.563136,SYNTHETIC_ASSUMPTION
2025-02-01,Cobrand Partnerships & Business Development,Analyst / Associate,417.68,3.68,2.9440000000000004,418.41600000000005,418.04800000000006,145000,5.0514133333333335,SYNTHETIC_ASSUMPTION
2025-02-01,Cobrand Partnerships & Business Development,Manager / Senior Manager,281.48,2.48,1.984,281.976,281.728,205000,4.812853333333333,SYNTHETIC_ASSUMPTION
2025-02-01,Cobrand Partnerships & Business Development,Director,154.36,1.36,1.088,154.632,154.496,285000,3.66928,SYNTHETIC_ASSUMPTION
2025-02-01,Cobrand Partnerships & Business Development,VP+,54.48,0.48,0.384,54.576,54.528,430000,1.95392,SYNTHETIC_ASSUMPTION
2025-02-01,U.S. Consumer Marketing & Acquisition,Analyst / Associate,501.216,4.416,3.5328,502.0992,501.6576,145000,6.061696,SYNTHETIC_ASSUMPTION
2025-02-01,U.S. Consumer Marketing & Acquisition,Manager / Senior Manager,337.77599999999995,2.976,2.3808,338.3712,338.0736,205000,5.775424,SYNTHETIC_ASSUMPTION
2025-02-01,U.S. Consumer Marketing & Acquisition,Director,185.232,1.6320000000000001,1.3056,185.5584,185.39520000000002,285000,4.403136000000001,SYNTHETIC_ASSUMPTION
2025-02-01,U.S. Consumer Marketing & Acquisition,VP+,65.37599999999999,0.576,0.4608,65.49119999999999,65.4336,430000,2.344704,SYNTHETIC_ASSUMPTION
2025-02-01,"Product, Data & Technology",Analyst / Associate,751.824,6.624,5.2992,753.1488,752.4864,145000,9.092544,SYNTHETIC_ASSUMPTION
2025-02-01,"Product, Data & Technology",Manager / Senior Manager,506.66399999999993,4.4639999999999995,3.5711999999999997,507.5568,507.11039999999997,205000,8.663136,SYNTHETIC_ASSUMPTION
2025-02-01,"Product, Data & Technology",Director,277.848,2.448,1.9584000000000001,278.3376,278.0928,285000,6.604704,SYNTHETIC_ASSUMPTION
2025-02-01,"Product, Data & Technology",VP+,98.064,0.8639999999999999,0.6911999999999999,98.23679999999999,98.15039999999999,430000,3.5170559999999997,SYNTHETIC_ASSUMPTION
2025-02-01,"Servicing, Operations & Business Support",Analyst / Associate,668.288,5.888000000000001,4.7104,669.4656000000001,668.8768,145000,8.082261333333333,SYNTHETIC_ASSUMPTION
2025-02-01,"Servicing, Operations & Business Support",Manager / Senior Manager,450.368,3.968,3.1744,451.1616,450.7648,205000,7.700565333333333,SYNTHETIC_ASSUMPTION
2025-02-01,"Servicing, Operations & Business Support",Director,246.976,2.176,1.7408000000000001,247.41120000000004,247.1936,285000,5.870848,SYNTHETIC_ASSUMPTION
2025-02-01,"Servicing, Operations & Business Support",VP+,87.16799999999999,0.768,0.6144,87.3216,87.2448,430000,3.126272,SYNTHETIC_ASSUMPTION
2025-03-01,Consumer Card Products & Portfolio,Analyst / Associate,502.0992,4.692,3.6432,503.148,502.62359999999995,145000,6.0733685,SYNTHETIC_ASSUMPTION
2025-03-01,Consumer Card Products & Portfolio,Manager / Senior Manager,338.3712,3.162,2.4552,339.078,338.72459999999995,205000,5.786545249999999,SYNTHETIC_ASSUMPTION
2025-03-01,Consumer Card Products & Portfolio,Director,185.5584,1.734,1.3464,185.946,185.7522,285000,4.41161475,SYNTHETIC_ASSUMPTION
2025-03-01,Consumer Card Products & Portfolio,VP+,65.49119999999999,0.612,0.47519999999999996,65.628,65.55959999999999,430000,2.3492189999999997,SYNTHETIC_ASSUMPTION
2025-03-01,Lending & U.S. Consumer Banking,Analyst / Associate,502.0992,4.692,3.6432,503.148,502.62359999999995,145000,6.0733685,SYNTHETIC_ASSUMPTION
2025-03-01,Lending & U.S. Consumer Banking,Manager / Senior Manager,338.3712,3.162,2.4552,339.078,338.72459999999995,205000,5.786545249999999,SYNTHETIC_ASSUMPTION
2025-03-01,Lending & U.S. Consumer Banking,Director,185.5584,1.734,1.3464,185.946,185.7522,285000,4.41161475,SYNTHETIC_ASSUMPTION
2025-03-01,Lending & U.S. Consumer Banking,VP+,65.49119999999999,0.612,0.47519999999999996,65.628,65.55959999999999,430000,2.3492189999999997,SYNTHETIC_ASSUMPTION
2025-03-01,Membership Rewards & Card Member Benefits,Analyst / Associate,502.0992,4.692,3.6432,503.148,502.62359999999995,145000,6.0733685,SYNTHETIC_ASSUMPTION
2025-03-01,Membership Rewards & Card Member Benefits,Manager / Senior Manager,338.3712,3.162,2.4552,339.078,338.72459999999995,205000,5.786545249999999,SYNTHETIC_ASSUMPTION
2025-03-01,Membership Rewards & Card Member Benefits,Director,185.5584,1.734,1.3464,185.946,185.7522,285000,4.41161475,SYNTHETIC_ASSUMPTION
2025-03-01,Membership Rewards & Card Member Benefits,VP+,65.49119999999999,0.612,0.47519999999999996,65.628,65.55959999999999,430000,2.3492189999999997,SYNTHETIC_ASSUMPTION
2025-03-01,"Travel, Lifestyle, Dining & Lounges",Analyst / Associate,334.73280000000005,3.128,2.4288000000000003,335.432,335.08240000000006,145000,4.048912333333334,SYNTHETIC_ASSUMPTION
2025-03-01,"Travel, Lifestyle, Dining & Lounges",Manager / Senior Manager,225.5808,2.108,1.6368,226.05200000000002,225.81640000000002,205000,3.8576968333333337,SYNTHETIC_ASSUMPTION
2025-03-01,"Travel, Lifestyle, Dining & Lounges",Director,123.70560000000002,1.1560000000000001,0.8976000000000001,123.96400000000001,123.83480000000002,285000,2.9410765000000003,SYNTHETIC_ASSUMPTION
2025-03-01,"Travel, Lifestyle, Dining & Lounges",VP+,43.6608,0.408,0.3168,43.752,43.7064,430000,1.566146,SYNTHETIC_ASSUMPTION
2025-03-01,Cobrand Partnerships & Business Development,Analyst / Associate,418.41600000000005,3.91,3.0360000000000005,419.29,418.85300000000007,145000,5.061140416666667,SYNTHETIC_ASSUMPTION
2025-03-01,Cobrand Partnerships & Business Development,Manager / Senior Manager,281.976,2.635,2.0460000000000003,282.565,282.2705,205000,4.822121041666667,SYNTHETIC_ASSUMPTION
2025-03-01,Cobrand Partnerships & Business Development,Director,154.632,1.445,1.122,154.955,154.79350000000002,285000,3.6763456250000006,SYNTHETIC_ASSUMPTION
2025-03-01,Cobrand Partnerships & Business Development,VP+,54.576,0.51,0.396,54.69,54.633,430000,1.9576825,SYNTHETIC_ASSUMPTION
2025-03-01,U.S. Consumer Marketing & Acquisition,Analyst / Associate,502.0992,4.692,3.6432,503.148,502.62359999999995,145000,6.0733685,SYNTHETIC_ASSUMPTION
2025-03-01,U.S. Consumer Marketing & Acquisition,Manager / Senior Manager,338.3712,3.162,2.4552,339.078,338.72459999999995,205000,5.786545249999999,SYNTHETIC_ASSUMPTION
2025-03-01,U.S. Consumer Marketing & Acquisition,Director,185.5584,1.734,1.3464,185.946,185.7522,285000,4.41161475,SYNTHETIC_ASSUMPTION
2025-03-01,U.S. Consumer Marketing & Acquisition,VP+,65.49119999999999,0.612,0.47519999999999996,65.628,65.55959999999999,430000,2.3492189999999997,SYNTHETIC_ASSUMPTION
2025-03-01,"Product, Data & Technology",Analyst / Associate,753.1488,7.038,5.464799999999999,754.7220000000001,753.9354000000001,145000,9.110052750000001,SYNTHETIC_ASSUMPTION
2025-03-01,"Product, Data & Technology",Manager / Senior Manager,507.5568,4.742999999999999,3.6828,508.617,508.0869,205000,8.679817875,SYNTHETIC_ASSUMPTION
2025-03-01,"Product, Data & Technology",Director,278.3376,2.601,2.0196,278.91900000000004,278.6283,285000,6.617422125,SYNTHETIC_ASSUMPTION
2025-03-01,"Product, Data & Technology",VP+,98.23679999999999,0.9179999999999999,0.7127999999999999,98.442,98.3394,430000,3.5238285,SYNTHETIC_ASSUMPTION
2025-03-01,"Servicing, Operations & Business Support",Analyst / Associate,669.4656000000001,6.256,4.857600000000001,670.864,670.1648000000001,145000,8.097824666666668,SYNTHETIC_ASSUMPTION
2025-03-01,"Servicing, Operations & Business Support",Manager / Senior Manager,451.1616,4.216,3.2736,452.10400000000004,451.63280000000003,205000,7.715393666666667,SYNTHETIC_ASSUMPTION
2025-03-01,"Servicing, Operations & Business Support",Director,247.41120000000004,2.3120000000000003,1.7952000000000001,247.92800000000003,247.66960000000003,285000,5.882153000000001,SYNTHETIC_ASSUMPTION
2025-03-01,"Servicing, Operations & Business Support",VP+,87.3216,0.816,0.6336,87.504,87.4128,430000,3.132292,SYNTHETIC_ASSUMPTION
2025-04-01,Consumer Card Products & Portfolio,Analyst / Associate,503.148,4.968,3.7536,504.36240000000004,503.75519999999995,145000,6.087041999999999,SYNTHETIC_ASSUMPTION
2025-04-01,Consumer Card Products & Portfolio,Manager / Senior Manager,339.078,3.348,2.5296,339.8964,339.4872,205000,5.799573,SYNTHETIC_ASSUMPTION
2025-04-01,Consumer Card Products & Portfolio,Director,185.946,1.8359999999999999,1.3872000000000002,186.39480000000003,186.1704,285000,4.421547,SYNTHETIC_ASSUMPTION
2025-04-01,Consumer Card Products & Portfolio,VP+,65.628,0.6479999999999999,0.4896,65.7864,65.70719999999999,430000,2.3545079999999996,SYNTHETIC_ASSUMPTION
2025-04-01,Lending & U.S. Consumer Banking,Analyst / Associate,503.148,4.968,3.7536,504.36240000000004,503.75519999999995,145000,6.087041999999999,SYNTHETIC_ASSUMPTION
2025-04-01,Lending & U.S. Consumer Banking,Manager / Senior Manager,339.078,3.348,2.5296,339.8964,339.4872,205000,5.799573,SYNTHETIC_ASSUMPTION
2025-04-01,Lending & U.S. Consumer Banking,Director,185.946,1.8359999999999999,1.3872000000000002,186.39480000000003,186.1704,285000,4.421547,SYNTHETIC_ASSUMPTION
2025-04-01,Lending & U.S. Consumer Banking,VP+,65.628,0.6479999999999999,0.4896,65.7864,65.70719999999999,430000,2.3545079999999996,SYNTHETIC_ASSUMPTION
2025-04-01,Membership Rewards & Card Member Benefits,Analyst / Associate,503.148,4.968,3.7536,504.36240000000004,503.75519999999995,145000,6.087041999999999,SYNTHETIC_ASSUMPTION
2025-04-01,Membership Rewards & Card Member Benefits,Manager / Senior Manager,339.078,3.348,2.5296,339.8964,339.4872,205000,5.799573,SYNTHETIC_ASSUMPTION
2025-04-01,Membership Rewards & Card Member Benefits,Director,185.946,1.8359999999999999,1.3872000000000002,186.39480000000003,186.1704,285000,4.421547,SYNTHETIC_ASSUMPTION
2025-04-01,Membership Rewards & Card Member Benefits,VP+,65.628,0.6479999999999999,0.4896,65.7864,65.70719999999999,430000,2.3545079999999996,SYNTHETIC_ASSUMPTION
2025-04-01,"Travel, Lifestyle, Dining & Lounges",Analyst / Associate,335.432,3.3120000000000003,2.5024,336.2416,335.83680000000004,145000,4.058028,SYNTHETIC_ASSUMPTION
2025-04-01,"Travel, Lifestyle, Dining & Lounges",Manager / Senior Manager,226.05200000000002,2.232,1.6864000000000001,226.5976,226.3248,205000,3.866382,SYNTHETIC_ASSUMPTION
2025-04-01,"Travel, Lifestyle, Dining & Lounges",Director,123.96400000000001,1.2240000000000002,0.9248000000000002,124.26320000000001,124.11360000000002,285000,2.9476980000000004,SYNTHETIC_ASSUMPTION
2025-04-01,"Travel, Lifestyle, Dining & Lounges",VP+,43.752,0.432,0.3264,43.8576,43.8048,430000,1.569672,SYNTHETIC_ASSUMPTION
2025-04-01,Cobrand Partnerships & Business Development,Analyst / Associate,419.29,4.140000000000001,3.1280000000000006,420.302,419.79600000000005,145000,5.072535000000001,SYNTHETIC_ASSUMPTION
2025-04-01,Cobrand Partnerships & Business Development,Manager / Senior Manager,282.565,2.79,2.108,283.247,282.906,205000,4.8329775,SYNTHETIC_ASSUMPTION
2025-04-01,Cobrand Partnerships & Business Development,Director,154.955,1.53,1.1560000000000001,155.329,155.14200000000002,285000,3.6846225000000006,SYNTHETIC_ASSUMPTION
2025-04-01,Cobrand Partnerships & Business Development,VP+,54.69,0.54,0.40800000000000003,54.822,54.756,430000,1.96209,SYNTHETIC_ASSUMPTION
2025-04-01,U.S. Consumer Marketing & Acquisition,Analyst / Associate,503.148,4.968,3.7536,504.36240000000004,503.75519999999995,145000,6.087041999999999,SYNTHETIC_ASSUMPTION
2025-04-01,U.S. Consumer Marketing & Acquisition,Manager / Senior Manager,339.078,3.348,2.5296,339.8964,339.4872,205000,5.799573,SYNTHETIC_ASSUMPTION
2025-04-01,U.S. Consumer Marketing & Acquisition,Director,185.946,1.8359999999999999,1.3872000000000002,186.39480000000003,186.1704,285000,4.421547,SYNTHETIC_ASSUMPTION
2025-04-01,U.S. Consumer Marketing & Acquisition,VP+,65.628,0.6479999999999999,0.4896,65.7864,65.70719999999999,430000,2.3545079999999996,SYNTHETIC_ASSUMPTION
2025-04-01,"Product, Data & Technology",Analyst / Associate,754.7220000000001,7.452,5.630400000000001,756.5436,755.6328,145000,9.130563,SYNTHETIC_ASSUMPTION
2025-04-01,"Product, Data & Technology",Manager / Senior Manager,508.617,5.021999999999999,3.7944,509.84459999999996,509.23079999999993,205000,8.699359499999998,SYNTHETIC_ASSUMPTION
2025-04-01,"Product, Data & Technology",Director,278.91900000000004,2.754,2.0808,279.5922,279.2556,285000,6.6323205,SYNTHETIC_ASSUMPTION
2025-04-01,"Product, Data & Technology",VP+,98.442,0.972,0.7343999999999999,98.6796,98.56079999999999,430000,3.5317619999999996,SYNTHETIC_ASSUMPTION
2025-04-01,"Servicing, Operations & Business Support",Analyst / Associate,670.864,6.6240000000000006,5.0048,672.4832,671.6736000000001,145000,8.116056,SYNTHETIC_ASSUMPTION
2025-04-01,"Servicing, Operations & Business Support",Manager / Senior Manager,452.10400000000004,4.464,3.3728000000000002,453.1952,452.6496,205000,7.732764,SYNTHETIC_ASSUMPTION
2025-04-01,"Servicing, Operations & Business Support",Director,247.92800000000003,2.4480000000000004,1.8496000000000004,248.52640000000002,248.22720000000004,285000,5.895396000000001,SYNTHETIC_ASSUMPTION
2025-04-01,"Servicing, Operations & Business Support",VP+,87.504,0.864,0.6528,87.7152,87.6096,430000,3.139344,SYNTHETIC_ASSUMPTION
2025-05-01,Consumer Card Products & Portfolio,Analyst / Associate,504.36240000000004,4.692,3.8640000000000003,505.1904,504.77639999999997,145000,6.0993815,SYNTHETIC_ASSUMPTION
2025-05-01,Consumer Card Products & Portfolio,Manager / Senior Manager,339.8964,3.162,2.604,340.4544,340.17539999999997,205000,5.81132975,SYNTHETIC_ASSUMPTION
2025-05-01,Consumer Card Products & Portfolio,Director,186.39480000000003,1.734,1.4280000000000002,186.70080000000002,186.5478,285000,4.43051025,SYNTHETIC_ASSUMPTION
2025-05-01,Consumer Card Products & Portfolio,VP+,65.7864,0.612,0.504,65.8944,65.84039999999999,430000,2.3592809999999997,SYNTHETIC_ASSUMPTION
2025-05-01,Lending & U.S. Consumer Banking,Analyst / Associate,504.36240000000004,4.692,3.8640000000000003,505.1904,504.77639999999997,145000,6.0993815,SYNTHETIC_ASSUMPTION
2025-05-01,Lending & U.S. Consumer Banking,Manager / Senior Manager,339.8964,3.162,2.604,340.4544,340.17539999999997,205000,5.81132975,SYNTHETIC_ASSUMPTION
2025-05-01,Lending & U.S. Consumer Banking,Director,186.39480000000003,1.734,1.4280000000000002,186.70080000000002,186.5478,285000,4.43051025,SYNTHETIC_ASSUMPTION
2025-05-01,Lending & U.S. Consumer Banking,VP+,65.7864,0.612,0.504,65.8944,65.84039999999999,430000,2.3592809999999997,SYNTHETIC_ASSUMPTION
2025-05-01,Membership Rewards & Card Member Benefits,Analyst / Associate,504.36240000000004,4.692,3.8640000000000003,505.1904,504.77639999999997,145000,6.0993815,SYNTHETIC_ASSUMPTION
2025-05-01,Membership Rewards & Card Member Benefits,Manager / Senior Manager,339.8964,3.162,2.604,340.4544,340.17539999999997,205000,5.81132975,SYNTHETIC_ASSUMPTION
2025-05-01,Membership Rewards & Card Member Benefits,Director,186.39480000000003,1.734,1.4280000000000002,186.70080000000002,186.5478,285000,4.43051025,SYNTHETIC_ASSUMPTION
2025-05-01,Membership Rewards & Card Member Benefits,VP+,65.7864,0.612,0.504,65.8944,65.84039999999999,430000,2.3592809999999997,SYNTHETIC_ASSUMPTION
2025-05-01,"Travel, Lifestyle, Dining & Lounges",Analyst / Associate,336.2416,3.128,2.5760000000000005,336.7936,336.5176,145000,4.066254333333333,SYNTHETIC_ASSUMPTION
2025-05-01,"Travel, Lifestyle, Dining & Lounges",Manager / Senior Manager,226.5976,2.108,1.7360000000000002,226.96959999999999,226.7836,205000,3.8742198333333335,SYNTHETIC_ASSUMPTION
2025-05-01,"Travel, Lifestyle, Dining & Lounges",Director,124.26320000000001,1.1560000000000001,0.9520000000000002,124.4672,124.36520000000002,285000,2.9536735000000003,SYNTHETIC_ASSUMPTION
2025-05-01,"Travel, Lifestyle, Dining & Lounges",VP+,43.8576,0.408,0.336,43.92959999999999,43.8936,430000,1.572854,SYNTHETIC_ASSUMPTION
2025-05-01,Cobrand Partnerships & Business Development,Analyst / Associate,420.302,3.91,3.22,420.992,420.64700000000005,145000,5.082817916666667,SYNTHETIC_ASSUMPTION
2025-05-01,Cobrand Partnerships & Business Development,Manager / Senior Manager,283.247,2.635,2.17,283.712,283.47950000000003,205000,4.842774791666667,SYNTHETIC_ASSUMPTION
2025-05-01,Cobrand Partnerships & Business Development,Director,155.329,1.445,1.1900000000000002,155.58400000000003,155.4565,285000,3.692091875,SYNTHETIC_ASSUMPTION
2025-05-01,Cobrand Partnerships & Business Development,VP+,54.822,0.51,0.42,54.912,54.867,430000,1.9660675,SYNTHETIC_ASSUMPTION
2025-05-01,U.S. Consumer Marketing & Acquisition,Analyst / Associate,504.36240000000004,4.692,3.8640000000000003,505.1904,504.77639999999997,145000,6.0993815,SYNTHETIC_ASSUMPTION
2025-05-01,U.S. Consumer Marketing & Acquisition,Manager / Senior Manager,339.8964,3.162,2.604,340.4544,340.17539999999997,205000,5.81132975,SYNTHETIC_ASSUMPTION
2025-05-01,U.S. Consumer Marketing & Acquisition,Director,186.39480000000003,1.734,1.4280000000000002,186.70080000000002,186.5478,285000,4.43051025,SYNTHETIC_ASSUMPTION
2025-05-01,U.S. Consumer Marketing & Acquisition,VP+,65.7864,0.612,0.504,65.8944,65.84039999999999,430000,2.3592809999999997,SYNTHETIC_ASSUMPTION
2025-05-01,"Product, Data & Technology",Analyst / Associate,756.5436,7.038,5.796,757.7855999999999,757.1646000000001,145000,9.149072250000001,SYNTHETIC_ASSUMPTION
2025-05-01,"Product, Data & Technology",Manager / Senior Manager,509.84459999999996,4.742999999999999,3.9059999999999997,510.68159999999995,510.2631,205000,8.716994625,SYNTHETIC_ASSUMPTION
2025-05-01,"Product, Data & Technology",Director,279.5922,2.601,2.142,280.0512,279.8217,285000,6.645765375,SYNTHETIC_ASSUMPTION
2025-05-01,"Product, Data & Technology",VP+,98.6796,0.9179999999999999,0.756,98.84159999999999,98.7606,430000,3.5389215,SYNTHETIC_ASSUMPTION
2025-05-01,"Servicing, Operations & Business Support",Analyst / Associate,672.4832,6.256,5.152000000000001,673.5872,673.0352,145000,8.132508666666666,SYNTHETIC_ASSUMPTION
2025-05-01,"Servicing, Operations & Business Support",Manager / Senior Manager,453.1952,4.216,3.4720000000000004,453.93919999999997,453.5672,205000,7.748439666666667,SYNTHETIC_ASSUMPTION
2025-05-01,"Servicing, Operations & Business Support",Director,248.52640000000002,2.3120000000000003,1.9040000000000004,248.9344,248.73040000000003,285000,5.907347000000001,SYNTHETIC_ASSUMPTION
2025-05-01,"Servicing, Operations & Business Support",VP+,87.7152,0.816,0.672,87.85919999999999,87.7872,430000,3.145708,SYNTHETIC_ASSUMPTION
2025-06-01,Consumer Card Products & Portfolio,Analyst / Associate,505.1904,4.140000000000001,3.9744000000000006,505.356,505.27320000000003,145000,6.1053845,SYNTHETIC_ASSUMPTION
2025-06-01,Consumer Card Products & Portfolio,Manager / Senior Manager,340.4544,2.79,2.6784000000000003,340.566,340.5102,205000,5.81704925,SYNTHETIC_ASSUMPTION
2025-06-01,Consumer Card Products & Portfolio,Director,186.70080000000002,1.53,1.4688,186.762,186.73140000000004,285000,4.434870750000001,SYNTHETIC_ASSUMPTION
2025-06-01,Consumer Card Products & Portfolio,VP+,65.8944,0.54,0.5184,65.916,65.90520000000001,430000,2.3616030000000006,SYNTHETIC_ASSUMPTION
2025-06-01,Lending & U.S. Consumer Banking,Analyst / Associate,505.1904,4.140000000000001,3.9744000000000006,505.356,505.27320000000003,145000,6.1053845,SYNTHETIC_ASSUMPTION
2025-06-01,Lending & U.S. Consumer Banking,Manager / Senior Manager,340.4544,2.79,2.6784000000000003,340.566,340.5102,205000,5.81704925,SYNTHETIC_ASSUMPTION
2025-06-01,Lending & U.S. Consumer Banking,Director,186.70080000000002,1.53,1.4688,186.762,186.73140000000004,285000,4.434870750000001,SYNTHETIC_ASSUMPTION
2025-06-01,Lending & U.S. Consumer Banking,VP+,65.8944,0.54,0.5184,65.916,65.90520000000001,430000,2.3616030000000006,SYNTHETIC_ASSUMPTION
2025-06-01,Membership Rewards & Card Member Benefits,Analyst / Associate,505.1904,4.140000000000001,3.9744000000000006,505.356,505.27320000000003,145000,6.1053845,SYNTHETIC_ASSUMPTION
2025-06-01,Membership Rewards & Card Member Benefits,Manager / Senior Manager,340.4544,2.79,2.6784000000000003,340.566,340.5102,205000,5.81704925,SYNTHETIC_ASSUMPTION
2025-06-01,Membership Rewards & Card Member Benefits,Director,186.70080000000002,1.53,1.4688,186.762,186.73140000000004,285000,4.434870750000001,SYNTHETIC_ASSUMPTION
2025-06-01,Membership Rewards & Card Member Benefits,VP+,65.8944,0.54,0.5184,65.916,65.90520000000001,430000,2.3616030000000006,SYNTHETIC_ASSUMPTION
2025-06-01,"Travel, Lifestyle, Dining & Lounges",Analyst / Associate,336.7936,2.7600000000000002,2.6496,336.904,336.8488,145000,4.070256333333334,SYNTHETIC_ASSUMPTION
2025-06-01,"Travel, Lifestyle, Dining & Lounges",Manager / Senior Manager,226.96959999999999,1.8599999999999999,1.7855999999999999,227.04399999999998,227.0068,205000,3.8780328333333336,SYNTHETIC_ASSUMPTION
2025-06-01,"Travel, Lifestyle, Dining & Lounges",Director,124.4672,1.02,0.9792000000000001,124.50800000000001,124.4876,285000,2.9565805,SYNTHETIC_ASSUMPTION
2025-06-01,"Travel, Lifestyle, Dining & Lounges",VP+,43.92959999999999,0.36,0.34559999999999996,43.943999999999996,43.9368,430000,1.574402,SYNTHETIC_ASSUMPTION
2025-06-01,Cobrand Partnerships & Business Development,Analyst / Associate,420.992,3.45,3.3120000000000003,421.13,421.06100000000004,145000,5.087820416666667,SYNTHETIC_ASSUMPTION
2025-06-01,Cobrand Partnerships & Business Development,Manager / Senior Manager,283.712,2.325,2.232,283.805,283.7585,205000,4.847541041666667,SYNTHETIC_ASSUMPTION
2025-06-01,Cobrand Partnerships & Business Development,Director,155.58400000000003,1.2750000000000001,1.2240000000000002,155.63500000000002,155.60950000000003,285000,3.6957256250000006,SYNTHETIC_ASSUMPTION
2025-06-01,Cobrand Partnerships & Business Development,VP+,54.912,0.44999999999999996,0.432,54.93,54.921,430000,1.9680025,SYNTHETIC_ASSUMPTION
2025-06-01,U.S. Consumer Marketing & Acquisition,Analyst / Associate,505.1904,4.140000000000001,3.9744000000000006,505.356,505.27320000000003,145000,6.1053845,SYNTHETIC_ASSUMPTION
2025-06-01,U.S. Consumer Marketing & Acquisition,Manager / Senior Manager,340.4544,2.79,2.6784000000000003,340.566,340.5102,205000,5.81704925,SYNTHETIC_ASSUMPTION
2025-06-01,U.S. Consumer Marketing & Acquisition,Director,186.70080000000002,1.53,1.4688,186.762,186.73140000000004,285000,4.434870750000001,SYNTHETIC_ASSUMPTION
2025-06-01,U.S. Consumer Marketing & Acquisition,VP+,65.8944,0.54,0.5184,65.916,65.90520000000001,430000,2.3616030000000006,SYNTHETIC_ASSUMPTION
2025-06-01,"Product, Data & Technology",Analyst / Associate,757.7855999999999,6.21,5.9616,758.034,757.9098,145000,9.15807675,SYNTHETIC_ASSUMPTION
2025-06-01,"Product, Data & Technology",Manager / Senior Manager,510.68159999999995,4.185,4.0176,510.84899999999993,510.76529999999997,205000,8.725573875,SYNTHETIC_ASSUMPTION
2025-06-01,"Product, Data & Technology",Director,280.0512,2.2950000000000004,2.2032,280.143,280.0971,285000,6.652306125,SYNTHETIC_ASSUMPTION
2025-06-01,"Product, Data & Technology",VP+,98.84159999999999,0.8099999999999999,0.7776,98.874,98.85779999999998,430000,3.5424044999999995,SYNTHETIC_ASSUMPTION
2025-06-01,"Servicing, Operations & Business Support",Analyst / Associate,673.5872,5.5200000000000005,5.2992,673.808,673.6976,145000,8.140512666666668,SYNTHETIC_ASSUMPTION
2025-06-01,"Servicing, Operations & Business Support",Manager / Senior Manager,453.93919999999997,3.7199999999999998,3.5711999999999997,454.08799999999997,454.0136,205000,7.756065666666667,SYNTHETIC_ASSUMPTION
2025-06-01,"Servicing, Operations & Business Support",Director,248.9344,2.04,1.9584000000000001,249.01600000000002,248.9752,285000,5.913161,SYNTHETIC_ASSUMPTION
2025-06-01,"Servicing, Operations & Business Support",VP+,87.85919999999999,0.72,0.6911999999999999,87.88799999999999,87.8736,430000,3.148804,SYNTHETIC_ASSUMPTION
2025-07-01,Consumer Card Products & Portfolio,Analyst / Associate,505.356,4.416,4.140000000000001,505.63200000000006,505.49399999999997,145000,6.1080525,SYNTHETIC_ASSUMPTION
2025-07-01,Consumer Card Products & Portfolio,Manager / Senior Manager,340.566,2.976,2.79,340.752,340.65899999999993,205000,5.819591249999999,SYNTHETIC_ASSUMPTION
2025-07-01,Consumer Card Products & Portfolio,Director,186.762,1.6320000000000001,1.53,186.86400000000003,186.813,285000,4.43680875,SYNTHETIC_ASSUMPTION
2025-07-01,Consumer Card Products & Portfolio,VP+,65.916,0.576,0.54,65.952,65.93399999999998,430000,2.3626349999999996,SYNTHETIC_ASSUMPTION
2025-07-01,Lending & U.S. Consumer Banking,Analyst / Associate,505.356,4.416,4.140000000000001,505.63200000000006,505.49399999999997,145000,6.1080525,SYNTHETIC_ASSUMPTION
2025-07-01,Lending & U.S. Consumer Banking,Manager / Senior Manager,340.566,2.976,2.79,340.752,340.65899999999993,205000,5.819591249999999,SYNTHETIC_ASSUMPTION
2025-07-01,Lending & U.S. Consumer Banking,Director,186.762,1.6320000000000001,1.53,186.86400000000003,186.813,285000,4.43680875,SYNTHETIC_ASSUMPTION
2025-07-01,Lending & U.S. Consumer Banking,VP+,65.916,0.576,0.54,65.952,65.93399999999998,430000,2.3626349999999996,SYNTHETIC_ASSUMPTION
2025-07-01,Membership Rewards & Card Member Benefits,Analyst / Associate,505.356,4.416,4.140000000000001,505.63200000000006,505.49399999999997,145000,6.1080525,SYNTHETIC_ASSUMPTION
2025-07-01,Membership Rewards & Card Member Benefits,Manager / Senior Manager,340.566,2.976,2.79,340.752,340.65899999999993,205000,5.819591249999999,SYNTHETIC_ASSUMPTION
2025-07-01,Membership Rewards & Card Member Benefits,Director,186.762,1.6320000000000001,1.53,186.86400000000003,186.813,285000,4.43680875,SYNTHETIC_ASSUMPTION
2025-07-01,Membership Rewards & Card Member Benefits,VP+,65.916,0.576,0.54,65.952,65.93399999999998,430000,2.3626349999999996,SYNTHETIC_ASSUMPTION
2025-07-01,"Travel, Lifestyle, Dining & Lounges",Analyst / Associate,336.904,2.9440000000000004,2.7600000000000002,337.088,336.99600000000004,145000,4.0720350000000005,SYNTHETIC_ASSUMPTION
2025-07-01,"Travel, Lifestyle, Dining & Lounges",Manager / Senior Manager,227.04399999999998,1.984,1.8599999999999999,227.168,227.106,205000,3.8797275,SYNTHETIC_ASSUMPTION
2025-07-01,"Travel, Lifestyle, Dining & Lounges",Director,124.50800000000001,1.088,1.02,124.57600000000002,124.54200000000002,285000,2.9578725000000006,SYNTHETIC_ASSUMPTION
2025-07-01,"Travel, Lifestyle, Dining & Lounges",VP+,43.943999999999996,0.384,0.36,43.968,43.956,430000,1.57509,SYNTHETIC_ASSUMPTION
2025-07-01,Cobrand Partnerships & Business Development,Analyst / Associate,421.13,3.68,3.45,421.36,421.245,145000,5.09004375,SYNTHETIC_ASSUMPTION
2025-07-01,Cobrand Partnerships & Business Development,Manager / Senior Manager,283.805,2.48,2.325,283.96,283.8825,205000,4.849659375,SYNTHETIC_ASSUMPTION
2025-07-01,Cobrand Partnerships & Business Development,Director,155.63500000000002,1.36,1.2750000000000001,155.72,155.6775,285000,3.697340625,SYNTHETIC_ASSUMPTION
2025-07-01,Cobrand Partnerships & Business Development,VP+,54.93,0.48,0.44999999999999996,54.96,54.945,430000,1.9688625,SYNTHETIC_ASSUMPTION
2025-07-01,U.S. Consumer Marketing & Acquisition,Analyst / Associate,505.356,4.416,4.140000000000001,505.63200000000006,505.49399999999997,145000,6.1080525,SYNTHETIC_ASSUMPTION
2025-07-01,U.S. Consumer Marketing & Acquisition,Manager / Senior Manager,340.566,2.976,2.79,340.752,340.65899999999993,205000,5.819591249999999,SYNTHETIC_ASSUMPTION
2025-07-01,U.S. Consumer Marketing & Acquisition,Director,186.762,1.6320000000000001,1.53,186.86400000000003,186.813,285000,4.43680875,SYNTHETIC_ASSUMPTION
2025-07-01,U.S. Consumer Marketing & Acquisition,VP+,65.916,0.576,0.54,65.952,65.93399999999998,430000,2.3626349999999996,SYNTHETIC_ASSUMPTION
2025-07-01,"Product, Data & Technology",Analyst / Associate,758.034,6.624,6.21,758.448,758.241,145000,9.16207875,SYNTHETIC_ASSUMPTION
2025-07-01,"Product, Data & Technology",Manager / Senior Manager,510.84899999999993,4.4639999999999995,4.185,511.128,510.9885,205000,8.729386875,SYNTHETIC_ASSUMPTION
2025-07-01,"Product, Data & Technology",Director,280.143,2.448,2.2950000000000004,280.296,280.2195,285000,6.655213125,SYNTHETIC_ASSUMPTION
2025-07-01,"Product, Data & Technology",VP+,98.874,0.8639999999999999,0.8099999999999999,98.928,98.901,430000,3.5439525,SYNTHETIC_ASSUMPTION
2025-07-01,"Servicing, Operations & Business Support",Analyst / Associate,673.808,5.888000000000001,5.5200000000000005,674.176,673.9920000000001,145000,8.144070000000001,SYNTHETIC_ASSUMPTION
2025-07-01,"Servicing, Operations & Business Support",Manager / Senior Manager,454.08799999999997,3.968,3.7199999999999998,454.336,454.212,205000,7.759455,SYNTHETIC_ASSUMPTION
2025-07-01,"Servicing, Operations & Business Support",Director,249.01600000000002,2.176,2.04,249.15200000000004,249.08400000000003,285000,5.915745000000001,SYNTHETIC_ASSUMPTION
2025-07-01,"Servicing, Operations & Business Support",VP+,87.88799999999999,0.768,0.72,87.936,87.912,430000,3.15018,SYNTHETIC_ASSUMPTION
2025-08-01,Consumer Card Products & Portfolio,Analyst / Associate,505.63200000000006,4.140000000000001,4.1952,505.5768,505.60439999999994,145000,6.109386499999999,SYNTHETIC_ASSUMPTION
2025-08-01,Consumer Card Products & Portfolio,Manager / Senior Manager,340.752,2.79,2.8272,340.71479999999997,340.73339999999996,205000,5.820862249999999,SYNTHETIC_ASSUMPTION
2025-08-01,Consumer Card Products & Portfolio,Director,186.86400000000003,1.53,1.5504,186.8436,186.85379999999998,285000,4.437777749999999,SYNTHETIC_ASSUMPTION
2025-08-01,Consumer Card Products & Portfolio,VP+,65.952,0.54,0.5471999999999999,65.94479999999999,65.94839999999999,430000,2.3631509999999993,SYNTHETIC_ASSUMPTION
2025-08-01,Lending & U.S. Consumer Banking,Analyst / Associate,505.63200000000006,4.140000000000001,4.1952,505.5768,505.60439999999994,145000,6.109386499999999,SYNTHETIC_ASSUMPTION
2025-08-01,Lending & U.S. Consumer Banking,Manager / Senior Manager,340.752,2.79,2.8272,340.71479999999997,340.73339999999996,205000,5.820862249999999,SYNTHETIC_ASSUMPTION
2025-08-01,Lending & U.S. Consumer Banking,Director,186.86400000000003,1.53,1.5504,186.8436,186.85379999999998,285000,4.437777749999999,SYNTHETIC_ASSUMPTION
2025-08-01,Lending & U.S. Consumer Banking,VP+,65.952,0.54,0.5471999999999999,65.94479999999999,65.94839999999999,430000,2.3631509999999993,SYNTHETIC_ASSUMPTION
2025-08-01,Membership Rewards & Card Member Benefits,Analyst / Associate,505.63200000000006,4.140000000000001,4.1952,505.5768,505.60439999999994,145000,6.109386499999999,SYNTHETIC_ASSUMPTION
2025-08-01,Membership Rewards & Card Member Benefits,Manager / Senior Manager,340.752,2.79,2.8272,340.71479999999997,340.73339999999996,205000,5.820862249999999,SYNTHETIC_ASSUMPTION
2025-08-01,Membership Rewards & Card Member Benefits,Director,186.86400000000003,1.53,1.5504,186.8436,186.85379999999998,285000,4.437777749999999,SYNTHETIC_ASSUMPTION
2025-08-01,Membership Rewards & Card Member Benefits,VP+,65.952,0.54,0.5471999999999999,65.94479999999999,65.94839999999999,430000,2.3631509999999993,SYNTHETIC_ASSUMPTION
2025-08-01,"Travel, Lifestyle, Dining & Lounges",Analyst / Associate,337.088,2.7600000000000002,2.7968,337.05120000000005,337.06960000000004,145000,4.072924333333334,SYNTHETIC_ASSUMPTION
2025-08-01,"Travel, Lifestyle, Dining & Lounges",Manager / Senior Manager,227.168,1.8599999999999999,1.8848,227.1432,227.1556,205000,3.8805748333333336,SYNTHETIC_ASSUMPTION
2025-08-01,"Travel, Lifestyle, Dining & Lounges",Director,124.57600000000002,1.02,1.0336,124.56240000000001,124.56920000000001,285000,2.9585185,SYNTHETIC_ASSUMPTION
2025-08-01,"Travel, Lifestyle, Dining & Lounges",VP+,43.968,0.36,0.3648,43.9632,43.965599999999995,430000,1.5754339999999998,SYNTHETIC_ASSUMPTION
2025-08-01,Cobrand Partnerships & Business Development,Analyst / Associate,421.36,3.45,3.4960000000000004,421.3140000000001,421.33700000000005,145000,5.091155416666667,SYNTHETIC_ASSUMPTION
2025-08-01,Cobrand Partnerships & Business Development,Manager / Senior Manager,283.96,2.325,2.3560000000000003,283.92900000000003,283.9445,205000,4.850718541666667,SYNTHETIC_ASSUMPTION
2025-08-01,Cobrand Partnerships & Business Development,Director,155.72,1.2750000000000001,1.2920000000000003,155.70300000000003,155.71150000000003,285000,3.6981481250000003,SYNTHETIC_ASSUMPTION
2025-08-01,Cobrand Partnerships & Business Development,VP+,54.96,0.44999999999999996,0.456,54.954,54.957,430000,1.9692925,SYNTHETIC_ASSUMPTION
2025-08-01,U.S. Consumer Marketing & Acquisition,Analyst / Associate,505.63200000000006,4.140000000000001,4.1952,505.5768,505.60439999999994,145000,6.109386499999999,SYNTHETIC_ASSUMPTION
2025-08-01,U.S. Consumer Marketing & Acquisition,Manager / Senior Manager,340.752,2.79,2.8272,340.71479999999997,340.73339999999996,205000,5.820862249999999,SYNTHETIC_ASSUMPTION
2025-08-01,U.S. Consumer Marketing & Acquisition,Director,186.86400000000003,1.53,1.5504,186.8436,186.85379999999998,285000,4.437777749999999,SYNTHETIC_ASSUMPTION
2025-08-01,U.S. Consumer Marketing & Acquisition,VP+,65.952,0.54,0.5471999999999999,65.94479999999999,65.94839999999999,430000,2.3631509999999993,SYNTHETIC_ASSUMPTION
2025-08-01,"Product, Data & Technology",Analyst / Associate,758.448,6.21,6.2928,758.3652,758.4066,145000,9.16407975,SYNTHETIC_ASSUMPTION
2025-08-01,"Product, Data & Technology",Manager / Senior Manager,511.128,4.185,4.2408,511.07219999999995,511.1001,205000,8.731293375,SYNTHETIC_ASSUMPTION
2025-08-01,"Product, Data & Technology",Director,280.296,2.2950000000000004,2.3256,280.2654,280.2807,285000,6.656666625,SYNTHETIC_ASSUMPTION
2025-08-01,"Product, Data & Technology",VP+,98.928,0.8099999999999999,0.8208,98.9172,98.9226,430000,3.5447265,SYNTHETIC_ASSUMPTION
2025-08-01,"Servicing, Operations & Business Support",Analyst / Associate,674.176,5.5200000000000005,5.5936,674.1024000000001,674.1392000000001,145000,8.145848666666668,SYNTHETIC_ASSUMPTION
2025-08-01,"Servicing, Operations & Business Support",Manager / Senior Manager,454.336,3.7199999999999998,3.7696,454.2864,454.3112,205000,7.761149666666667,SYNTHETIC_ASSUMPTION
2025-08-01,"Servicing, Operations & Business Support",Director,249.15200000000004,2.04,2.0672,249.12480000000002,249.13840000000002,285000,5.917037,SYNTHETIC_ASSUMPTION
2025-08-01,"Servicing, Operations & Business Support",VP+,87.936,0.72,0.7296,87.9264,87.93119999999999,430000,3.1508679999999996,SYNTHETIC_ASSUMPTION
2025-09-01,Consumer Card Products & Portfolio,Analyst / Associate,505.5768,3.8640000000000003,4.3056,505.1352,505.356,145000,6.106385,SYNTHETIC_ASSUMPTION
2025-09-01,Consumer Card Products & Portfolio,Manager / Senior Manager,340.71479999999997,2.604,2.9015999999999997,340.4172,340.566,205000,5.8180025,SYNTHETIC_ASSUMPTION
2025-09-01,Consumer Card Products & Portfolio,Director,186.8436,1.4280000000000002,1.5912,186.6804,186.762,285000,4.4355975,SYNTHETIC_ASSUMPTION
2025-09-01,Consumer Card Products & Portfolio,VP+,65.94479999999999,0.504,0.5616,65.88719999999999,65.916,430000,2.36199,SYNTHETIC_ASSUMPTION
2025-09-01,Lending & U.S. Consumer Banking,Analyst / Associate,505.5768,3.8640000000000003,4.3056,505.1352,505.356,145000,6.106385,SYNTHETIC_ASSUMPTION
2025-09-01,Lending & U.S. Consumer Banking,Manager / Senior Manager,340.71479999999997,2.604,2.9015999999999997,340.4172,340.566,205000,5.8180025,SYNTHETIC_ASSUMPTION
2025-09-01,Lending & U.S. Consumer Banking,Director,186.8436,1.4280000000000002,1.5912,186.6804,186.762,285000,4.4355975,SYNTHETIC_ASSUMPTION
2025-09-01,Lending & U.S. Consumer Banking,VP+,65.94479999999999,0.504,0.5616,65.88719999999999,65.916,430000,2.36199,SYNTHETIC_ASSUMPTION
2025-09-01,Membership Rewards & Card Member Benefits,Analyst / Associate,505.5768,3.8640000000000003,4.3056,505.1352,505.356,145000,6.106385,SYNTHETIC_ASSUMPTION
2025-09-01,Membership Rewards & Card Member Benefits,Manager / Senior Manager,340.71479999999997,2.604,2.9015999999999997,340.4172,340.566,205000,5.8180025,SYNTHETIC_ASSUMPTION
2025-09-01,Membership Rewards & Card Member Benefits,Director,186.8436,1.4280000000000002,1.5912,186.6804,186.762,285000,4.4355975,SYNTHETIC_ASSUMPTION
2025-09-01,Membership Rewards & Card Member Benefits,VP+,65.94479999999999,0.504,0.5616,65.88719999999999,65.916,430000,2.36199,SYNTHETIC_ASSUMPTION
2025-09-01,"Travel, Lifestyle, Dining & Lounges",Analyst / Associate,337.05120000000005,2.5760000000000005,2.8704,336.75680000000006,336.904,145000,4.070923333333334,SYNTHETIC_ASSUMPTION
2025-09-01,"Travel, Lifestyle, Dining & Lounges",Manager / Senior Manager,227.1432,1.7360000000000002,1.9344000000000001,226.94480000000001,227.04399999999998,205000,3.8786683333333336,SYNTHETIC_ASSUMPTION
2025-09-01,"Travel, Lifestyle, Dining & Lounges",Director,124.56240000000001,0.9520000000000002,1.0608000000000002,124.45360000000002,124.50800000000001,285000,2.957065,SYNTHETIC_ASSUMPTION
2025-09-01,"Travel, Lifestyle, Dining & Lounges",VP+,43.9632,0.336,0.3744,43.9248,43.943999999999996,430000,1.5746599999999997,SYNTHETIC_ASSUMPTION
2025-09-01,Cobrand Partnerships & Business Development,Analyst / Associate,421.3140000000001,3.22,3.5880000000000005,420.946,421.13,145000,5.088654166666667,SYNTHETIC_ASSUMPTION
2025-09-01,Cobrand Partnerships & Business Development,Manager / Senior Manager,283.92900000000003,2.17,2.418,283.681,283.805,205000,4.848335416666667,SYNTHETIC_ASSUMPTION
2025-09-01,Cobrand Partnerships & Business Development,Director,155.70300000000003,1.1900000000000002,1.3260000000000003,155.567,155.63500000000002,285000,3.6963312500000005,SYNTHETIC_ASSUMPTION
2025-09-01,Cobrand Partnerships & Business Development,VP+,54.954,0.42,0.468,54.906,54.93,430000,1.968325,SYNTHETIC_ASSUMPTION
2025-09-01,U.S. Consumer Marketing & Acquisition,Analyst / Associate,505.5768,3.8640000000000003,4.3056,505.1352,505.356,145000,6.106385,SYNTHETIC_ASSUMPTION
2025-09-01,U.S. Consumer Marketing & Acquisition,Manager / Senior Manager,340.71479999999997,2.604,2.9015999999999997,340.4172,340.566,205000,5.8180025,SYNTHETIC_ASSUMPTION
2025-09-01,U.S. Consumer Marketing & Acquisition,Director,186.8436,1.4280000000000002,1.5912,186.6804,186.762,285000,4.4355975,SYNTHETIC_ASSUMPTION
2025-09-01,U.S. Consumer Marketing & Acquisition,VP+,65.94479999999999,0.504,0.5616,65.88719999999999,65.916,430000,2.36199,SYNTHETIC_ASSUMPTION
2025-09-01,"Product, Data & Technology",Analyst / Associate,758.3652,5.796,6.4584,757.7027999999999,758.034,145000,9.1595775,SYNTHETIC_ASSUMPTION
2025-09-01,"Product, Data & Technology",Manager / Senior Manager,511.07219999999995,3.9059999999999997,4.352399999999999,510.62579999999997,510.84899999999993,205000,8.727003749999998,SYNTHETIC_ASSUMPTION
2025-09-01,"Product, Data & Technology",Director,280.2654,2.142,2.3868,280.0206,280.143,285000,6.653396249999999,SYNTHETIC_ASSUMPTION
2025-09-01,"Product, Data & Technology",VP+,98.9172,0.756,0.8423999999999999,98.83079999999998,98.874,430000,3.542985,SYNTHETIC_ASSUMPTION
2025-09-01,"Servicing, Operations & Business Support",Analyst / Associate,674.1024000000001,5.152000000000001,5.7408,673.5136000000001,673.808,145000,8.141846666666668,SYNTHETIC_ASSUMPTION
2025-09-01,"Servicing, Operations & Business Support",Manager / Senior Manager,454.2864,3.4720000000000004,3.8688000000000002,453.88960000000003,454.08799999999997,205000,7.757336666666667,SYNTHETIC_ASSUMPTION
2025-09-01,"Servicing, Operations & Business Support",Director,249.12480000000002,1.9040000000000004,2.1216000000000004,248.90720000000005,249.01600000000002,285000,5.91413,SYNTHETIC_ASSUMPTION
2025-09-01,"Servicing, Operations & Business Support",VP+,87.9264,0.672,0.7488,87.8496,87.88799999999999,430000,3.1493199999999995,SYNTHETIC_ASSUMPTION
2025-10-01,Consumer Card Products & Portfolio,Analyst / Associate,505.1352,3.588,4.416,504.30719999999997,504.7212,145000,6.0987145,SYNTHETIC_ASSUMPTION
2025-10-01,Consumer Card Products & Portfolio,Manager / Senior Manager,340.4172,2.418,2.976,339.8592,340.1382,205000,5.81069425,SYNTHETIC_ASSUMPTION
2025-10-01,Consumer Card Products & Portfolio,Director,186.6804,1.326,1.6320000000000001,186.3744,186.52740000000003,285000,4.430025750000001,SYNTHETIC_ASSUMPTION
2025-10-01,Consumer Card Products & Portfolio,VP+,65.88719999999999,0.46799999999999997,0.576,65.77919999999999,65.8332,430000,2.3590230000000005,SYNTHETIC_ASSUMPTION
2025-10-01,Lending & U.S. Consumer Banking,Analyst / Associate,505.1352,3.588,4.416,504.30719999999997,504.7212,145000,6.0987145,SYNTHETIC_ASSUMPTION
2025-10-01,Lending & U.S. Consumer Banking,Manager / Senior Manager,340.4172,2.418,2.976,339.8592,340.1382,205000,5.81069425,SYNTHETIC_ASSUMPTION
2025-10-01,Lending & U.S. Consumer Banking,Director,186.6804,1.326,1.6320000000000001,186.3744,186.52740000000003,285000,4.430025750000001,SYNTHETIC_ASSUMPTION
2025-10-01,Lending & U.S. Consumer Banking,VP+,65.88719999999999,0.46799999999999997,0.576,65.77919999999999,65.8332,430000,2.3590230000000005,SYNTHETIC_ASSUMPTION
2025-10-01,Membership Rewards & Card Member Benefits,Analyst / Associate,505.1352,3.588,4.416,504.30719999999997,504.7212,145000,6.0987145,SYNTHETIC_ASSUMPTION
2025-10-01,Membership Rewards & Card Member Benefits,Manager / Senior Manager,340.4172,2.418,2.976,339.8592,340.1382,205000,5.81069425,SYNTHETIC_ASSUMPTION
2025-10-01,Membership Rewards & Card Member Benefits,Director,186.6804,1.326,1.6320000000000001,186.3744,186.52740000000003,285000,4.430025750000001,SYNTHETIC_ASSUMPTION
2025-10-01,Membership Rewards & Card Member Benefits,VP+,65.88719999999999,0.46799999999999997,0.576,65.77919999999999,65.8332,430000,2.3590230000000005,SYNTHETIC_ASSUMPTION
2025-10-01,"Travel, Lifestyle, Dining & Lounges",Analyst / Associate,336.75680000000006,2.3920000000000003,2.9440000000000004,336.20480000000003,336.48080000000004,145000,4.065809666666667,SYNTHETIC_ASSUMPTION
2025-10-01,"Travel, Lifestyle, Dining & Lounges",Manager / Senior Manager,226.94480000000001,1.612,1.984,226.5728,226.7588,205000,3.8737961666666667,SYNTHETIC_ASSUMPTION
2025-10-01,"Travel, Lifestyle, Dining & Lounges",Director,124.45360000000002,0.8840000000000001,1.088,124.24960000000002,124.35160000000002,285000,2.9533505000000004,SYNTHETIC_ASSUMPTION
2025-10-01,"Travel, Lifestyle, Dining & Lounges",VP+,43.9248,0.312,0.384,43.852799999999995,43.888799999999996,430000,1.572682,SYNTHETIC_ASSUMPTION
2025-10-01,Cobrand Partnerships & Business Development,Analyst / Associate,420.946,2.99,3.68,420.25600000000003,420.60100000000006,145000,5.082262083333334,SYNTHETIC_ASSUMPTION
2025-10-01,Cobrand Partnerships & Business Development,Manager / Senior Manager,283.681,2.015,2.48,283.216,283.4485,205000,4.842245208333334,SYNTHETIC_ASSUMPTION
2025-10-01,Cobrand Partnerships & Business Development,Director,155.567,1.105,1.36,155.312,155.4395,285000,3.691688125,SYNTHETIC_ASSUMPTION
2025-10-01,Cobrand Partnerships & Business Development,VP+,54.906,0.39,0.48,54.816,54.861,430000,1.9658525,SYNTHETIC_ASSUMPTION
2025-10-01,U.S. Consumer Marketing & Acquisition,Analyst / Associate,505.1352,3.588,4.416,504.30719999999997,504.7212,145000,6.0987145,SYNTHETIC_ASSUMPTION
2025-10-01,U.S. Consumer Marketing & Acquisition,Manager / Senior Manager,340.4172,2.418,2.976,339.8592,340.1382,205000,5.81069425,SYNTHETIC_ASSUMPTION
2025-10-01,U.S. Consumer Marketing & Acquisition,Director,186.6804,1.326,1.6320000000000001,186.3744,186.52740000000003,285000,4.430025750000001,SYNTHETIC_ASSUMPTION
2025-10-01,U.S. Consumer Marketing & Acquisition,VP+,65.88719999999999,0.46799999999999997,0.576,65.77919999999999,65.8332,430000,2.3590230000000005,SYNTHETIC_ASSUMPTION
2025-10-01,"Product, Data & Technology",Analyst / Associate,757.7027999999999,5.382,6.624,756.4608000000001,757.0818,145000,9.14807175,SYNTHETIC_ASSUMPTION
2025-10-01,"Product, Data & Technology",Manager / Senior Manager,510.62579999999997,3.627,4.4639999999999995,509.7888,510.2073,205000,8.716041375,SYNTHETIC_ASSUMPTION
2025-10-01,"Product, Data & Technology",Director,280.0206,1.989,2.448,279.5616,279.79110000000003,285000,6.645038625000001,SYNTHETIC_ASSUMPTION
2025-10-01,"Product, Data & Technology",VP+,98.83079999999998,0.702,0.8639999999999999,98.6688,98.7498,430000,3.5385345,SYNTHETIC_ASSUMPTION
2025-10-01,"Servicing, Operations & Business Support",Analyst / Associate,673.5136000000001,4.784000000000001,5.888000000000001,672.4096000000001,672.9616000000001,145000,8.131619333333335,SYNTHETIC_ASSUMPTION
2025-10-01,"Servicing, Operations & Business Support",Manager / Senior Manager,453.88960000000003,3.224,3.968,453.1456,453.5176,205000,7.747592333333333,SYNTHETIC_ASSUMPTION
2025-10-01,"Servicing, Operations & Business Support",Director,248.90720000000005,1.7680000000000002,2.176,248.49920000000003,248.70320000000004,285000,5.906701000000001,SYNTHETIC_ASSUMPTION
2025-10-01,"Servicing, Operations & Business Support",VP+,87.8496,0.624,0.768,87.70559999999999,87.77759999999999,430000,3.145364,SYNTHETIC_ASSUMPTION
2025-11-01,Consumer Card Products & Portfolio,Analyst / Associate,504.30719999999997,3.036,4.5264,502.8168,503.56200000000007,145000,6.084707500000001,SYNTHETIC_ASSUMPTION
2025-11-01,Consumer Card Products & Portfolio,Manager / Senior Manager,339.8592,2.046,3.0504,338.85479999999995,339.357,205000,5.79734875,SYNTHETIC_ASSUMPTION
2025-11-01,Consumer Card Products & Portfolio,Director,186.3744,1.122,1.6728,185.8236,186.09900000000002,285000,4.419851250000001,SYNTHETIC_ASSUMPTION
2025-11-01,Consumer Card Products & Portfolio,VP+,65.77919999999999,0.39599999999999996,0.5903999999999999,65.58479999999999,65.682,430000,2.353605,SYNTHETIC_ASSUMPTION
2025-11-01,Lending & U.S. Consumer Banking,Analyst / Associate,504.30719999999997,3.036,4.5264,502.8168,503.56200000000007,145000,6.084707500000001,SYNTHETIC_ASSUMPTION
2025-11-01,Lending & U.S. Consumer Banking,Manager / Senior Manager,339.8592,2.046,3.0504,338.85479999999995,339.357,205000,5.79734875,SYNTHETIC_ASSUMPTION
2025-11-01,Lending & U.S. Consumer Banking,Director,186.3744,1.122,1.6728,185.8236,186.09900000000002,285000,4.419851250000001,SYNTHETIC_ASSUMPTION
2025-11-01,Lending & U.S. Consumer Banking,VP+,65.77919999999999,0.39599999999999996,0.5903999999999999,65.58479999999999,65.682,430000,2.353605,SYNTHETIC_ASSUMPTION
2025-11-01,Membership Rewards & Card Member Benefits,Analyst / Associate,504.30719999999997,3.036,4.5264,502.8168,503.56200000000007,145000,6.084707500000001,SYNTHETIC_ASSUMPTION
2025-11-01,Membership Rewards & Card Member Benefits,Manager / Senior Manager,339.8592,2.046,3.0504,338.85479999999995,339.357,205000,5.79734875,SYNTHETIC_ASSUMPTION
2025-11-01,Membership Rewards & Card Member Benefits,Director,186.3744,1.122,1.6728,185.8236,186.09900000000002,285000,4.419851250000001,SYNTHETIC_ASSUMPTION
2025-11-01,Membership Rewards & Card Member Benefits,VP+,65.77919999999999,0.39599999999999996,0.5903999999999999,65.58479999999999,65.682,430000,2.353605,SYNTHETIC_ASSUMPTION
2025-11-01,"Travel, Lifestyle, Dining & Lounges",Analyst / Associate,336.20480000000003,2.0240000000000005,3.0176000000000003,335.2112,335.708,145000,4.056471666666668,SYNTHETIC_ASSUMPTION
2025-11-01,"Travel, Lifestyle, Dining & Lounges",Manager / Senior Manager,226.5728,1.364,2.0336000000000003,225.9032,226.23800000000003,205000,3.8648991666666674,SYNTHETIC_ASSUMPTION
2025-11-01,"Travel, Lifestyle, Dining & Lounges",Director,124.24960000000002,0.7480000000000001,1.1152000000000002,123.88240000000002,124.06600000000002,285000,2.9465675000000005,SYNTHETIC_ASSUMPTION
2025-11-01,"Travel, Lifestyle, Dining & Lounges",VP+,43.852799999999995,0.264,0.3936,43.7232,43.788000000000004,430000,1.56907,SYNTHETIC_ASSUMPTION
2025-11-01,Cobrand Partnerships & Business Development,Analyst / Associate,420.25600000000003,2.5300000000000002,3.7720000000000007,419.01400000000007,419.635,145000,5.070589583333333,SYNTHETIC_ASSUMPTION
2025-11-01,Cobrand Partnerships & Business Development,Manager / Senior Manager,283.216,1.705,2.5420000000000003,282.379,282.7975,205000,4.831123958333333,SYNTHETIC_ASSUMPTION
2025-11-01,Cobrand Partnerships & Business Development,Director,155.312,0.935,1.3940000000000003,154.85300000000004,155.0825,285000,3.683209375,SYNTHETIC_ASSUMPTION
2025-11-01,Cobrand Partnerships & Business Development,VP+,54.816,0.32999999999999996,0.49200000000000005,54.654,54.735,430000,1.9613375,SYNTHETIC_ASSUMPTION
2025-11-01,U.S. Consumer Marketing & Acquisition,Analyst / Associate,504.30719999999997,3.036,4.5264,502.8168,503.56200000000007,145000,6.084707500000001,SYNTHETIC_ASSUMPTION
2025-11-01,U.S. Consumer Marketing & Acquisition,Manager / Senior Manager,339.8592,2.046,3.0504,338.85479999999995,339.357,205000,5.79734875,SYNTHETIC_ASSUMPTION
2025-11-01,U.S. Consumer Marketing & Acquisition,Director,186.3744,1.122,1.6728,185.8236,186.09900000000002,285000,4.419851250000001,SYNTHETIC_ASSUMPTION
2025-11-01,U.S. Consumer Marketing & Acquisition,VP+,65.77919999999999,0.39599999999999996,0.5903999999999999,65.58479999999999,65.682,430000,2.353605,SYNTHETIC_ASSUMPTION
2025-11-01,"Product, Data & Technology",Analyst / Associate,756.4608000000001,4.554,6.7896,754.2252,755.343,145000,9.12706125,SYNTHETIC_ASSUMPTION
2025-11-01,"Product, Data & Technology",Manager / Senior Manager,509.7888,3.069,4.5756,508.2822,509.03549999999996,205000,8.696023124999998,SYNTHETIC_ASSUMPTION
2025-11-01,"Product, Data & Technology",Director,279.5616,1.6830000000000003,2.5092000000000003,278.7354,279.1485,285000,6.629776875,SYNTHETIC_ASSUMPTION
2025-11-01,"Product, Data & Technology",VP+,98.6688,0.594,0.8855999999999999,98.37719999999999,98.523,430000,3.5304075,SYNTHETIC_ASSUMPTION
2025-11-01,"Servicing, Operations & Business Support",Analyst / Associate,672.4096000000001,4.048000000000001,6.035200000000001,670.4224,671.416,145000,8.112943333333336,SYNTHETIC_ASSUMPTION
2025-11-01,"Servicing, Operations & Business Support",Manager / Senior Manager,453.1456,2.728,4.067200000000001,451.8064,452.47600000000006,205000,7.729798333333335,SYNTHETIC_ASSUMPTION
2025-11-01,"Servicing, Operations & Business Support",Director,248.49920000000003,1.4960000000000002,2.2304000000000004,247.76480000000004,248.13200000000003,285000,5.893135000000001,SYNTHETIC_ASSUMPTION
2025-11-01,"Servicing, Operations & Business Support",VP+,87.70559999999999,0.528,0.7872,87.4464,87.57600000000001,430000,3.13814,SYNTHETIC_ASSUMPTION
2025-12-01,Consumer Card Products & Portfolio,Analyst / Associate,502.8168,2.484,4.6368,500.664,501.7404,145000,6.0626965,SYNTHETIC_ASSUMPTION
2025-12-01,Consumer Card Products & Portfolio,Manager / Senior Manager,338.85479999999995,1.674,3.1248,337.40399999999994,338.1294,205000,5.77637725,SYNTHETIC_ASSUMPTION
2025-12-01,Consumer Card Products & Portfolio,Director,185.8236,0.9179999999999999,1.7136000000000002,185.028,185.4258,285000,4.40386275,SYNTHETIC_ASSUMPTION
2025-12-01,Consumer Card Products & Portfolio,VP+,65.58479999999999,0.32399999999999995,0.6048,65.30399999999999,65.4444,430000,2.345091,SYNTHETIC_ASSUMPTION
2025-12-01,Lending & U.S. Consumer Banking,Analyst / Associate,502.8168,2.484,4.6368,500.664,501.7404,145000,6.0626965,SYNTHETIC_ASSUMPTION
2025-12-01,Lending & U.S. Consumer Banking,Manager / Senior Manager,338.85479999999995,1.674,3.1248,337.40399999999994,338.1294,205000,5.77637725,SYNTHETIC_ASSUMPTION
2025-12-01,Lending & U.S. Consumer Banking,Director,185.8236,0.9179999999999999,1.7136000000000002,185.028,185.4258,285000,4.40386275,SYNTHETIC_ASSUMPTION
2025-12-01,Lending & U.S. Consumer Banking,VP+,65.58479999999999,0.32399999999999995,0.6048,65.30399999999999,65.4444,430000,2.345091,SYNTHETIC_ASSUMPTION
2025-12-01,Membership Rewards & Card Member Benefits,Analyst / Associate,502.8168,2.484,4.6368,500.664,501.7404,145000,6.0626965,SYNTHETIC_ASSUMPTION
2025-12-01,Membership Rewards & Card Member Benefits,Manager / Senior Manager,338.85479999999995,1.674,3.1248,337.40399999999994,338.1294,205000,5.77637725,SYNTHETIC_ASSUMPTION
2025-12-01,Membership Rewards & Card Member Benefits,Director,185.8236,0.9179999999999999,1.7136000000000002,185.028,185.4258,285000,4.40386275,SYNTHETIC_ASSUMPTION
2025-12-01,Membership Rewards & Card Member Benefits,VP+,65.58479999999999,0.32399999999999995,0.6048,65.30399999999999,65.4444,430000,2.345091,SYNTHETIC_ASSUMPTION
2025-12-01,"Travel, Lifestyle, Dining & Lounges",Analyst / Associate,335.2112,1.6560000000000001,3.0912,333.776,334.4936,145000,4.041797666666667,SYNTHETIC_ASSUMPTION
2025-12-01,"Travel, Lifestyle, Dining & Lounges",Manager / Senior Manager,225.9032,1.116,2.0831999999999997,224.936,225.4196,205000,3.8509181666666663,SYNTHETIC_ASSUMPTION
2025-12-01,"Travel, Lifestyle, Dining & Lounges",Director,123.88240000000002,0.6120000000000001,1.1424,123.35200000000002,123.6172,285000,2.9359085,SYNTHETIC_ASSUMPTION
2025-12-01,"Travel, Lifestyle, Dining & Lounges",VP+,43.7232,0.216,0.40319999999999995,43.536,43.629599999999996,430000,1.563394,SYNTHETIC_ASSUMPTION
2025-12-01,Cobrand Partnerships & Business Development,Analyst / Associate,419.01400000000007,2.0700000000000003,3.8640000000000003,417.22,418.117,145000,5.052247083333333,SYNTHETIC_ASSUMPTION
2025-12-01,Cobrand Partnerships & Business Development,Manager / Senior Manager,282.379,1.395,2.604,281.17,281.7745,205000,4.813647708333333,SYNTHETIC_ASSUMPTION
2025-12-01,Cobrand Partnerships & Business Development,Director,154.85300000000004,0.765,1.4280000000000002,154.19,154.52150000000003,285000,3.6698856250000005,SYNTHETIC_ASSUMPTION
2025-12-01,Cobrand Partnerships & Business Development,VP+,54.654,0.27,0.504,54.419999999999995,54.537,430000,1.9542425,SYNTHETIC_ASSUMPTION
2025-12-01,U.S. Consumer Marketing & Acquisition,Analyst / Associate,502.8168,2.484,4.6368,500.664,501.7404,145000,6.0626965,SYNTHETIC_ASSUMPTION
2025-12-01,U.S. Consumer Marketing & Acquisition,Manager / Senior Manager,338.85479999999995,1.674,3.1248,337.40399999999994,338.1294,205000,5.77637725,SYNTHETIC_ASSUMPTION
2025-12-01,U.S. Consumer Marketing & Acquisition,Director,185.8236,0.9179999999999999,1.7136000000000002,185.028,185.4258,285000,4.40386275,SYNTHETIC_ASSUMPTION
2025-12-01,U.S. Consumer Marketing & Acquisition,VP+,65.58479999999999,0.32399999999999995,0.6048,65.30399999999999,65.4444,430000,2.345091,SYNTHETIC_ASSUMPTION
2025-12-01,"Product, Data & Technology",Analyst / Associate,754.2252,3.726,6.9552,750.996,752.6106,145000,9.09404475,SYNTHETIC_ASSUMPTION
2025-12-01,"Product, Data & Technology",Manager / Senior Manager,508.2822,2.5109999999999997,4.6872,506.106,507.1941,205000,8.664565875,SYNTHETIC_ASSUMPTION
2025-12-01,"Product, Data & Technology",Director,278.7354,1.377,2.5704000000000002,277.54200000000003,278.13870000000003,285000,6.605794125000001,SYNTHETIC_ASSUMPTION
2025-12-01,"Product, Data & Technology",VP+,98.37719999999999,0.486,0.9071999999999999,97.95599999999999,98.16659999999999,430000,3.5176364999999996,SYNTHETIC_ASSUMPTION
2025-12-01,"Servicing, Operations & Business Support",Analyst / Associate,670.4224,3.3120000000000003,6.1824,667.552,668.9872,145000,8.083595333333333,SYNTHETIC_ASSUMPTION
2025-12-01,"Servicing, Operations & Business Support",Manager / Senior Manager,451.8064,2.232,4.166399999999999,449.872,450.8392,205000,7.701836333333333,SYNTHETIC_ASSUMPTION
2025-12-01,"Servicing, Operations & Business Support",Director,247.76480000000004,1.2240000000000002,2.2848,246.70400000000004,247.2344,285000,5.871817,SYNTHETIC_ASSUMPTION
2025-12-01,"Servicing, Operations & Business Support",VP+,87.4464,0.432,0.8063999999999999,87.072,87.25919999999999,430000,3.126788,SYNTHETIC_ASSUMPTION
2026-01-01,Consumer Card Products & Portfolio,Analyst / Associate,511.70399999999995,3.8640000000000003,4.3056,511.26240000000007,511.48319999999995,145000,6.180422,SYNTHETIC_ASSUMPTION
2026-01-01,Consumer Card Products & Portfolio,Manager / Senior Manager,344.84399999999994,2.604,2.9015999999999997,344.5464,344.69519999999994,205000,5.888542999999999,SYNTHETIC_ASSUMPTION
2026-01-01,Consumer Card Products & Portfolio,Director,189.108,1.4280000000000002,1.5912,188.94480000000001,189.0264,285000,4.489377,SYNTHETIC_ASSUMPTION
2026-01-01,Consumer Card Products & Portfolio,VP+,66.74399999999999,0.504,0.5616,66.6864,66.71519999999998,430000,2.3906279999999995,SYNTHETIC_ASSUMPTION
2026-01-01,Lending & U.S. Consumer Banking,Analyst / Associate,511.70399999999995,3.8640000000000003,4.3056,511.26240000000007,511.48319999999995,145000,6.180422,SYNTHETIC_ASSUMPTION
2026-01-01,Lending & U.S. Consumer Banking,Manager / Senior Manager,344.84399999999994,2.604,2.9015999999999997,344.5464,344.69519999999994,205000,5.888542999999999,SYNTHETIC_ASSUMPTION
2026-01-01,Lending & U.S. Consumer Banking,Director,189.108,1.4280000000000002,1.5912,188.94480000000001,189.0264,285000,4.489377,SYNTHETIC_ASSUMPTION
2026-01-01,Lending & U.S. Consumer Banking,VP+,66.74399999999999,0.504,0.5616,66.6864,66.71519999999998,430000,2.3906279999999995,SYNTHETIC_ASSUMPTION
2026-01-01,Membership Rewards & Card Member Benefits,Analyst / Associate,511.70399999999995,3.8640000000000003,4.3056,511.26240000000007,511.48319999999995,145000,6.180422,SYNTHETIC_ASSUMPTION
2026-01-01,Membership Rewards & Card Member Benefits,Manager / Senior Manager,344.84399999999994,2.604,2.9015999999999997,344.5464,344.69519999999994,205000,5.888542999999999,SYNTHETIC_ASSUMPTION
2026-01-01,Membership Rewards & Card Member Benefits,Director,189.108,1.4280000000000002,1.5912,188.94480000000001,189.0264,285000,4.489377,SYNTHETIC_ASSUMPTION
2026-01-01,Membership Rewards & Card Member Benefits,VP+,66.74399999999999,0.504,0.5616,66.6864,66.71519999999998,430000,2.3906279999999995,SYNTHETIC_ASSUMPTION
2026-01-01,"Travel, Lifestyle, Dining & Lounges",Analyst / Associate,341.136,2.5760000000000005,2.8704,340.8416,340.9888,145000,4.120281333333334,SYNTHETIC_ASSUMPTION
2026-01-01,"Travel, Lifestyle, Dining & Lounges",Manager / Senior Manager,229.89600000000002,1.7360000000000002,1.9344000000000001,229.69760000000002,229.7968,205000,3.9256953333333335,SYNTHETIC_ASSUMPTION
2026-01-01,"Travel, Lifestyle, Dining & Lounges",Director,126.07200000000002,0.9520000000000002,1.0608000000000002,125.96320000000001,126.0176,285000,2.992918,SYNTHETIC_ASSUMPTION
2026-01-01,"Travel, Lifestyle, Dining & Lounges",VP+,44.496,0.336,0.3744,44.4576,44.4768,430000,1.593752,SYNTHETIC_ASSUMPTION
2026-01-01,Cobrand Partnerships & Business Development,Analyst / Associate,426.42,3.22,3.5880000000000005,426.052,426.23600000000005,145000,5.150351666666667,SYNTHETIC_ASSUMPTION
2026-01-01,Cobrand Partnerships & Business Development,Manager / Senior Manager,287.37,2.17,2.418,287.122,287.246,205000,4.907119166666666,SYNTHETIC_ASSUMPTION
2026-01-01,Cobrand Partnerships & Business Development,Director,157.59,1.1900000000000002,1.3260000000000003,157.454,157.52200000000002,285000,3.7411475000000003,SYNTHETIC_ASSUMPTION
2026-01-01,Cobrand Partnerships & Business Development,VP+,55.62,0.42,0.468,55.572,55.596,430000,1.99219,SYNTHETIC_ASSUMPTION
2026-01-01,U.S. Consumer Marketing & Acquisition,Analyst / Associate,511.70399999999995,3.8640000000000003,4.3056,511.26240000000007,511.48319999999995,145000,6.180422,SYNTHETIC_ASSUMPTION
2026-01-01,U.S. Consumer Marketing & Acquisition,Manager / Senior Manager,344.84399999999994,2.604,2.9015999999999997,344.5464,344.69519999999994,205000,5.888542999999999,SYNTHETIC_ASSUMPTION
2026-01-01,U.S. Consumer Marketing & Acquisition,Director,189.108,1.4280000000000002,1.5912,188.94480000000001,189.0264,285000,4.489377,SYNTHETIC_ASSUMPTION
2026-01-01,U.S. Consumer Marketing & Acquisition,VP+,66.74399999999999,0.504,0.5616,66.6864,66.71519999999998,430000,2.3906279999999995,SYNTHETIC_ASSUMPTION
2026-01-01,"Product, Data & Technology",Analyst / Associate,767.556,5.796,6.4584,766.8936,767.2248,145000,9.270633,SYNTHETIC_ASSUMPTION
2026-01-01,"Product, Data & Technology",Manager / Senior Manager,517.266,3.9059999999999997,4.352399999999999,516.8195999999999,517.0427999999999,205000,8.832814499999998,SYNTHETIC_ASSUMPTION
2026-01-01,"Product, Data & Technology",Director,283.662,2.142,2.3868,283.4172,283.5396,285000,6.7340655,SYNTHETIC_ASSUMPTION
2026-01-01,"Product, Data & Technology",VP+,100.11599999999999,0.756,0.8423999999999999,100.02959999999999,100.07279999999999,430000,3.5859419999999997,SYNTHETIC_ASSUMPTION
2026-01-01,"Servicing, Operations & Business Support",Analyst / Associate,682.272,5.152000000000001,5.7408,681.6832,681.9776,145000,8.240562666666667,SYNTHETIC_ASSUMPTION
2026-01-01,"Servicing, Operations & Business Support",Manager / Senior Manager,459.79200000000003,3.4720000000000004,3.8688000000000002,459.39520000000005,459.5936,205000,7.851390666666667,SYNTHETIC_ASSUMPTION
2026-01-01,"Servicing, Operations & Business Support",Director,252.14400000000003,1.9040000000000004,2.1216000000000004,251.92640000000003,252.0352,285000,5.985836,SYNTHETIC_ASSUMPTION
2026-01-01,"Servicing, Operations & Business Support",VP+,88.992,0.672,0.7488,88.9152,88.9536,430000,3.187504,SYNTHETIC_ASSUMPTION
2026-02-01,Consumer Card Products & Portfolio,Analyst / Associate,511.26240000000007,3.588,4.3056,510.54479999999995,510.9036,145000,6.1734185,SYNTHETIC_ASSUMPTION
2026-02-01,Consumer Card Products & Portfolio,Manager / Senior Manager,344.5464,2.418,2.9015999999999997,344.0628,344.30459999999994,205000,5.881870249999999,SYNTHETIC_ASSUMPTION
2026-02-01,Consumer Card Products & Portfolio,Director,188.94480000000001,1.326,1.5912,188.6796,188.8122,285000,4.48428975,SYNTHETIC_ASSUMPTION
2026-02-01,Consumer Card Products & Portfolio,VP+,66.6864,0.46799999999999997,0.5616,66.5928,66.63959999999999,430000,2.3879189999999997,SYNTHETIC_ASSUMPTION
2026-02-01,Lending & U.S. Consumer Banking,Analyst / Associate,511.26240000000007,3.588,4.3056,510.54479999999995,510.9036,145000,6.1734185,SYNTHETIC_ASSUMPTION
2026-02-01,Lending & U.S. Consumer Banking,Manager / Senior Manager,344.5464,2.418,2.9015999999999997,344.0628,344.30459999999994,205000,5.881870249999999,SYNTHETIC_ASSUMPTION
2026-02-01,Lending & U.S. Consumer Banking,Director,188.94480000000001,1.326,1.5912,188.6796,188.8122,285000,4.48428975,SYNTHETIC_ASSUMPTION
2026-02-01,Lending & U.S. Consumer Banking,VP+,66.6864,0.46799999999999997,0.5616,66.5928,66.63959999999999,430000,2.3879189999999997,SYNTHETIC_ASSUMPTION
2026-02-01,Membership Rewards & Card Member Benefits,Analyst / Associate,511.26240000000007,3.588,4.3056,510.54479999999995,510.9036,145000,6.1734185,SYNTHETIC_ASSUMPTION
2026-02-01,Membership Rewards & Card Member Benefits,Manager / Senior Manager,344.5464,2.418,2.9015999999999997,344.0628,344.30459999999994,205000,5.881870249999999,SYNTHETIC_ASSUMPTION
2026-02-01,Membership Rewards & Card Member Benefits,Director,188.94480000000001,1.326,1.5912,188.6796,188.8122,285000,4.48428975,SYNTHETIC_ASSUMPTION
2026-02-01,Membership Rewards & Card Member Benefits,VP+,66.6864,0.46799999999999997,0.5616,66.5928,66.63959999999999,430000,2.3879189999999997,SYNTHETIC_ASSUMPTION
2026-02-01,"Travel, Lifestyle, Dining & Lounges",Analyst / Associate,340.8416,2.3920000000000003,2.8704,340.3632,340.60240000000005,145000,4.115612333333334,SYNTHETIC_ASSUMPTION
2026-02-01,"Travel, Lifestyle, Dining & Lounges",Manager / Senior Manager,229.69760000000002,1.612,1.9344000000000001,229.37519999999998,229.53640000000001,205000,3.9212468333333335,SYNTHETIC_ASSUMPTION
2026-02-01,"Travel, Lifestyle, Dining & Lounges",Director,125.96320000000001,0.8840000000000001,1.0608000000000002,125.7864,125.87480000000002,285000,2.9895265000000006,SYNTHETIC_ASSUMPTION
2026-02-01,"Travel, Lifestyle, Dining & Lounges",VP+,44.4576,0.312,0.3744,44.395199999999996,44.4264,430000,1.591946,SYNTHETIC_ASSUMPTION
2026-02-01,Cobrand Partnerships & Business Development,Analyst / Associate,426.052,2.99,3.5880000000000005,425.45400000000006,425.75300000000004,145000,5.144515416666667,SYNTHETIC_ASSUMPTION
2026-02-01,Cobrand Partnerships & Business Development,Manager / Senior Manager,287.122,2.015,2.418,286.71900000000005,286.9205,205000,4.901558541666667,SYNTHETIC_ASSUMPTION
2026-02-01,Cobrand Partnerships & Business Development,Director,157.454,1.105,1.3260000000000003,157.23300000000003,157.34350000000003,285000,3.7369081250000002,SYNTHETIC_ASSUMPTION
2026-02-01,Cobrand Partnerships & Business Development,VP+,55.572,0.39,0.468,55.49400000000001,55.533,430000,1.9899325,SYNTHETIC_ASSUMPTION
2026-02-01,U.S. Consumer Marketing & Acquisition,Analyst / Associate,511.26240000000007,3.588,4.3056,510.54479999999995,510.9036,145000,6.1734185,SYNTHETIC_ASSUMPTION
2026-02-01,U.S. Consumer Marketing & Acquisition,Manager / Senior Manager,344.5464,2.418,2.9015999999999997,344.0628,344.30459999999994,205000,5.881870249999999,SYNTHETIC_ASSUMPTION
2026-02-01,U.S. Consumer Marketing & Acquisition,Director,188.94480000000001,1.326,1.5912,188.6796,188.8122,285000,4.48428975,SYNTHETIC_ASSUMPTION
2026-02-01,U.S. Consumer Marketing & Acquisition,VP+,66.6864,0.46799999999999997,0.5616,66.5928,66.63959999999999,430000,2.3879189999999997,SYNTHETIC_ASSUMPTION
2026-02-01,"Product, Data & Technology",Analyst / Associate,766.8936,5.382,6.4584,765.8172,766.3554,145000,9.26012775,SYNTHETIC_ASSUMPTION
2026-02-01,"Product, Data & Technology",Manager / Senior Manager,516.8195999999999,3.627,4.352399999999999,516.0942,516.4569,205000,8.822805375,SYNTHETIC_ASSUMPTION
2026-02-01,"Product, Data & Technology",Director,283.4172,1.989,2.3868,283.0194,283.2183,285000,6.726434625,SYNTHETIC_ASSUMPTION
2026-02-01,"Product, Data & Technology",VP+,100.02959999999999,0.702,0.8423999999999999,99.88919999999999,99.9594,430000,3.5818785,SYNTHETIC_ASSUMPTION
2026-02-01,"Servicing, Operations & Business Support",Analyst / Associate,681.6832,4.784000000000001,5.7408,680.7264,681.2048000000001,145000,8.231224666666668,SYNTHETIC_ASSUMPTION
2026-02-01,"Servicing, Operations & Business Support",Manager / Senior Manager,459.39520000000005,3.224,3.8688000000000002,458.75039999999996,459.07280000000003,205000,7.842493666666667,SYNTHETIC_ASSUMPTION
2026-02-01,"Servicing, Operations & Business Support",Director,251.92640000000003,1.7680000000000002,2.1216000000000004,251.5728,251.74960000000004,285000,5.979053000000001,SYNTHETIC_ASSUMPTION
2026-02-01,"Servicing, Operations & Business Support",VP+,88.9152,0.624,0.7488,88.79039999999999,88.8528,430000,3.183892,SYNTHETIC_ASSUMPTION
2026-03-01,Consumer Card Products & Portfolio,Analyst / Associate,510.54479999999995,3.588,4.416,509.7168,510.1308,145000,6.1640805,SYNTHETIC_ASSUMPTION
2026-03-01,Consumer Card Products & Portfolio,Manager / Senior Manager,344.0628,2.418,2.976,343.5048,343.7838,205000,5.87297325,SYNTHETIC_ASSUMPTION
2026-03-01,Consumer Card Products & Portfolio,Director,188.6796,1.326,1.6320000000000001,188.3736,188.52660000000003,285000,4.477506750000001,SYNTHETIC_ASSUMPTION
2026-03-01,Consumer Card Products & Portfolio,VP+,66.5928,0.46799999999999997,0.576,66.48479999999999,66.5388,430000,2.3843069999999997,SYNTHETIC_ASSUMPTION
2026-03-01,Lending & U.S. Consumer Banking,Analyst / Associate,510.54479999999995,3.588,4.416,509.7168,510.1308,145000,6.1640805,SYNTHETIC_ASSUMPTION
2026-03-01,Lending & U.S. Consumer Banking,Manager / Senior Manager,344.0628,2.418,2.976,343.5048,343.7838,205000,5.87297325,SYNTHETIC_ASSUMPTION
2026-03-01,Lending & U.S. Consumer Banking,Director,188.6796,1.326,1.6320000000000001,188.3736,188.52660000000003,285000,4.477506750000001,SYNTHETIC_ASSUMPTION
2026-03-01,Lending & U.S. Consumer Banking,VP+,66.5928,0.46799999999999997,0.576,66.48479999999999,66.5388,430000,2.3843069999999997,SYNTHETIC_ASSUMPTION
2026-03-01,Membership Rewards & Card Member Benefits,Analyst / Associate,510.54479999999995,3.588,4.416,509.7168,510.1308,145000,6.1640805,SYNTHETIC_ASSUMPTION
2026-03-01,Membership Rewards & Card Member Benefits,Manager / Senior Manager,344.0628,2.418,2.976,343.5048,343.7838,205000,5.87297325,SYNTHETIC_ASSUMPTION
2026-03-01,Membership Rewards & Card Member Benefits,Director,188.6796,1.326,1.6320000000000001,188.3736,188.52660000000003,285000,4.477506750000001,SYNTHETIC_ASSUMPTION
2026-03-01,Membership Rewards & Card Member Benefits,VP+,66.5928,0.46799999999999997,0.576,66.48479999999999,66.5388,430000,2.3843069999999997,SYNTHETIC_ASSUMPTION
2026-03-01,"Travel, Lifestyle, Dining & Lounges",Analyst / Associate,340.3632,2.3920000000000003,2.9440000000000004,339.81120000000004,340.08720000000005,145000,4.109387000000001,SYNTHETIC_ASSUMPTION
2026-03-01,"Travel, Lifestyle, Dining & Lounges",Manager / Senior Manager,229.37519999999998,1.612,1.984,229.00320000000002,229.18920000000003,205000,3.9153155000000006,SYNTHETIC_ASSUMPTION
2026-03-01,"Travel, Lifestyle, Dining & Lounges",Director,125.7864,0.8840000000000001,1.088,125.5824,125.68440000000001,285000,2.9850045,SYNTHETIC_ASSUMPTION
2026-03-01,"Travel, Lifestyle, Dining & Lounges",VP+,44.395199999999996,0.312,0.384,44.3232,44.3592,430000,1.589538,SYNTHETIC_ASSUMPTION
2026-03-01,Cobrand Partnerships & Business Development,Analyst / Associate,425.45400000000006,2.99,3.68,424.76400000000007,425.10900000000004,145000,5.136733750000001,SYNTHETIC_ASSUMPTION
2026-03-01,Cobrand Partnerships & Business Development,Manager / Senior Manager,286.71900000000005,2.015,2.48,286.254,286.48650000000004,205000,4.894144375000001,SYNTHETIC_ASSUMPTION
2026-03-01,Cobrand Partnerships & Business Development,Director,157.23300000000003,1.105,1.36,156.97800000000004,157.10550000000003,285000,3.7312556250000006,SYNTHETIC_ASSUMPTION
2026-03-01,Cobrand Partnerships & Business Development,VP+,55.49400000000001,0.39,0.48,55.404,55.449000000000005,430000,1.9869225000000001,SYNTHETIC_ASSUMPTION
2026-03-01,U.S. Consumer Marketing & Acquisition,Analyst / Associate,510.54479999999995,3.588,4.416,509.7168,510.1308,145000,6.1640805,SYNTHETIC_ASSUMPTION
2026-03-01,U.S. Consumer Marketing & Acquisition,Manager / Senior Manager,344.0628,2.418,2.976,343.5048,343.7838,205000,5.87297325,SYNTHETIC_ASSUMPTION
2026-03-01,U.S. Consumer Marketing & Acquisition,Director,188.6796,1.326,1.6320000000000001,188.3736,188.52660000000003,285000,4.477506750000001,SYNTHETIC_ASSUMPTION
2026-03-01,U.S. Consumer Marketing & Acquisition,VP+,66.5928,0.46799999999999997,0.576,66.48479999999999,66.5388,430000,2.3843069999999997,SYNTHETIC_ASSUMPTION
2026-03-01,"Product, Data & Technology",Analyst / Associate,765.8172,5.382,6.624,764.5752,765.1962000000001,145000,9.246120750000001,SYNTHETIC_ASSUMPTION
2026-03-01,"Product, Data & Technology",Manager / Senior Manager,516.0942,3.627,4.4639999999999995,515.2572,515.6757,205000,8.809459875,SYNTHETIC_ASSUMPTION
2026-03-01,"Product, Data & Technology",Director,283.0194,1.989,2.448,282.5604,282.78990000000005,285000,6.716260125000001,SYNTHETIC_ASSUMPTION
2026-03-01,"Product, Data & Technology",VP+,99.88919999999999,0.702,0.8639999999999999,99.7272,99.8082,430000,3.5764605,SYNTHETIC_ASSUMPTION
2026-03-01,"Servicing, Operations & Business Support",Analyst / Associate,680.7264,4.784000000000001,5.888000000000001,679.6224000000001,680.1744000000001,145000,8.218774000000002,SYNTHETIC_ASSUMPTION
2026-03-01,"Servicing, Operations & Business Support",Manager / Senior Manager,458.75039999999996,3.224,3.968,458.00640000000004,458.37840000000006,205000,7.830631000000001,SYNTHETIC_ASSUMPTION
2026-03-01,"Servicing, Operations & Business Support",Director,251.5728,1.7680000000000002,2.176,251.1648,251.36880000000002,285000,5.970009,SYNTHETIC_ASSUMPTION
2026-03-01,"Servicing, Operations & Business Support",VP+,88.79039999999999,0.624,0.768,88.6464,88.7184,430000,3.179076,SYNTHETIC_ASSUMPTION
2026-04-01,Consumer Card Products & Portfolio,Analyst / Associate,509.7168,3.312,4.416,508.61280000000005,509.16479999999996,145000,6.152408,SYNTHETIC_ASSUMPTION
2026-04-01,Consumer Card Products & Portfolio,Manager / Senior Manager,343.5048,2.2319999999999998,2.976,342.7608,343.1328,205000,5.861852,SYNTHETIC_ASSUMPTION
2026-04-01,Consumer Card Products & Portfolio,Director,188.3736,1.224,1.6320000000000001,187.96560000000002,188.1696,285000,4.469028,SYNTHETIC_ASSUMPTION
2026-04-01,Consumer Card Products & Portfolio,VP+,66.48479999999999,0.43199999999999994,0.576,66.3408,66.41279999999999,430000,2.3797919999999997,SYNTHETIC_ASSUMPTION
2026-04-01,Lending & U.S. Consumer Banking,Analyst / Associate,509.7168,3.312,4.416,508.61280000000005,509.16479999999996,145000,6.152408,SYNTHETIC_ASSUMPTION
2026-04-01,Lending & U.S. Consumer Banking,Manager / Senior Manager,343.5048,2.2319999999999998,2.976,342.7608,343.1328,205000,5.861852,SYNTHETIC_ASSUMPTION
2026-04-01,Lending & U.S. Consumer Banking,Director,188.3736,1.224,1.6320000000000001,187.96560000000002,188.1696,285000,4.469028,SYNTHETIC_ASSUMPTION
2026-04-01,Lending & U.S. Consumer Banking,VP+,66.48479999999999,0.43199999999999994,0.576,66.3408,66.41279999999999,430000,2.3797919999999997,SYNTHETIC_ASSUMPTION
2026-04-01,Membership Rewards & Card Member Benefits,Analyst / Associate,509.7168,3.312,4.416,508.61280000000005,509.16479999999996,145000,6.152408,SYNTHETIC_ASSUMPTION
2026-04-01,Membership Rewards & Card Member Benefits,Manager / Senior Manager,343.5048,2.2319999999999998,2.976,342.7608,343.1328,205000,5.861852,SYNTHETIC_ASSUMPTION
2026-04-01,Membership Rewards & Card Member Benefits,Director,188.3736,1.224,1.6320000000000001,187.96560000000002,188.1696,285000,4.469028,SYNTHETIC_ASSUMPTION
2026-04-01,Membership Rewards & Card Member Benefits,VP+,66.48479999999999,0.43199999999999994,0.576,66.3408,66.41279999999999,430000,2.3797919999999997,SYNTHETIC_ASSUMPTION
2026-04-01,"Travel, Lifestyle, Dining & Lounges",Analyst / Associate,339.81120000000004,2.208,2.9440000000000004,339.0752,339.4432,145000,4.1016053333333335,SYNTHETIC_ASSUMPTION
2026-04-01,"Travel, Lifestyle, Dining & Lounges",Manager / Senior Manager,229.00320000000002,1.488,1.984,228.5072,228.75519999999997,205000,3.9079013333333323,SYNTHETIC_ASSUMPTION
2026-04-01,"Travel, Lifestyle, Dining & Lounges",Director,125.5824,0.8160000000000001,1.088,125.31040000000002,125.4464,285000,2.979352,SYNTHETIC_ASSUMPTION
2026-04-01,"Travel, Lifestyle, Dining & Lounges",VP+,44.3232,0.288,0.384,44.227199999999996,44.2752,430000,1.586528,SYNTHETIC_ASSUMPTION
2026-04-01,Cobrand Partnerships & Business Development,Analyst / Associate,424.76400000000007,2.7600000000000002,3.68,423.84400000000005,424.3040000000001,145000,5.127006666666668,SYNTHETIC_ASSUMPTION
2026-04-01,Cobrand Partnerships & Business Development,Manager / Senior Manager,286.254,1.8599999999999999,2.48,285.634,285.944,205000,4.884876666666667,SYNTHETIC_ASSUMPTION
2026-04-01,Cobrand Partnerships & Business Development,Director,156.97800000000004,1.02,1.36,156.63800000000003,156.80800000000002,285000,3.7241900000000006,SYNTHETIC_ASSUMPTION
2026-04-01,Cobrand Partnerships & Business Development,VP+,55.404,0.36,0.48,55.284000000000006,55.344,430000,1.98316,SYNTHETIC_ASSUMPTION
2026-04-01,U.S. Consumer Marketing & Acquisition,Analyst / Associate,509.7168,3.312,4.416,508.61280000000005,509.16479999999996,145000,6.152408,SYNTHETIC_ASSUMPTION
2026-04-01,U.S. Consumer Marketing & Acquisition,Manager / Senior Manager,343.5048,2.2319999999999998,2.976,342.7608,343.1328,205000,5.861852,SYNTHETIC_ASSUMPTION
2026-04-01,U.S. Consumer Marketing & Acquisition,Director,188.3736,1.224,1.6320000000000001,187.96560000000002,188.1696,285000,4.469028,SYNTHETIC_ASSUMPTION
2026-04-01,U.S. Consumer Marketing & Acquisition,VP+,66.48479999999999,0.43199999999999994,0.576,66.3408,66.41279999999999,430000,2.3797919999999997,SYNTHETIC_ASSUMPTION
2026-04-01,"Product, Data & Technology",Analyst / Associate,764.5752,4.968,6.624,762.9192,763.7472,145000,9.228612,SYNTHETIC_ASSUMPTION
2026-04-01,"Product, Data & Technology",Manager / Senior Manager,515.2572,3.348,4.4639999999999995,514.1412,514.6992,205000,8.792778,SYNTHETIC_ASSUMPTION
2026-04-01,"Product, Data & Technology",Director,282.5604,1.8359999999999999,2.448,281.9484,282.25440000000003,285000,6.7035420000000006,SYNTHETIC_ASSUMPTION
2026-04-01,"Product, Data & Technology",VP+,99.7272,0.6479999999999999,0.8639999999999999,99.5112,99.61919999999999,430000,3.569688,SYNTHETIC_ASSUMPTION
2026-04-01,"Servicing, Operations & Business Support",Analyst / Associate,679.6224000000001,4.416,5.888000000000001,678.1504,678.8864,145000,8.203210666666667,SYNTHETIC_ASSUMPTION
2026-04-01,"Servicing, Operations & Business Support",Manager / Senior Manager,458.00640000000004,2.976,3.968,457.0144,457.51039999999995,205000,7.815802666666665,SYNTHETIC_ASSUMPTION
2026-04-01,"Servicing, Operations & Business Support",Director,251.1648,1.6320000000000001,2.176,250.62080000000003,250.8928,285000,5.958704,SYNTHETIC_ASSUMPTION
2026-04-01,"Servicing, Operations & Business Support",VP+,88.6464,0.576,0.768,88.45439999999999,88.5504,430000,3.173056,SYNTHETIC_ASSUMPTION
2026-05-01,Consumer Card Products & Portfolio,Analyst / Associate,508.61280000000005,3.312,4.5264,507.3984,508.00559999999996,145000,6.138401,SYNTHETIC_ASSUMPTION
2026-05-01,Consumer Card Products & Portfolio,Manager / Senior Manager,342.7608,2.2319999999999998,3.0504,341.94239999999996,342.35159999999996,205000,5.848506499999999,SYNTHETIC_ASSUMPTION
2026-05-01,Consumer Card Products & Portfolio,Director,187.96560000000002,1.224,1.6728,187.51680000000002,187.7412,285000,4.4588535,SYNTHETIC_ASSUMPTION
2026-05-01,Consumer Card Products & Portfolio,VP+,66.3408,0.43199999999999994,0.5903999999999999,66.1824,66.26159999999999,430000,2.3743739999999995,SYNTHETIC_ASSUMPTION
2026-05-01,Lending & U.S. Consumer Banking,Analyst / Associate,508.61280000000005,3.312,4.5264,507.3984,508.00559999999996,145000,6.138401,SYNTHETIC_ASSUMPTION
2026-05-01,Lending & U.S. Consumer Banking,Manager / Senior Manager,342.7608,2.2319999999999998,3.0504,341.94239999999996,342.35159999999996,205000,5.848506499999999,SYNTHETIC_ASSUMPTION
2026-05-01,Lending & U.S. Consumer Banking,Director,187.96560000000002,1.224,1.6728,187.51680000000002,187.7412,285000,4.4588535,SYNTHETIC_ASSUMPTION
2026-05-01,Lending & U.S. Consumer Banking,VP+,66.3408,0.43199999999999994,0.5903999999999999,66.1824,66.26159999999999,430000,2.3743739999999995,SYNTHETIC_ASSUMPTION
2026-05-01,Membership Rewards & Card Member Benefits,Analyst / Associate,508.61280000000005,3.312,4.5264,507.3984,508.00559999999996,145000,6.138401,SYNTHETIC_ASSUMPTION
2026-05-01,Membership Rewards & Card Member Benefits,Manager / Senior Manager,342.7608,2.2319999999999998,3.0504,341.94239999999996,342.35159999999996,205000,5.848506499999999,SYNTHETIC_ASSUMPTION
2026-05-01,Membership Rewards & Card Member Benefits,Director,187.96560000000002,1.224,1.6728,187.51680000000002,187.7412,285000,4.4588535,SYNTHETIC_ASSUMPTION
2026-05-01,Membership Rewards & Card Member Benefits,VP+,66.3408,0.43199999999999994,0.5903999999999999,66.1824,66.26159999999999,430000,2.3743739999999995,SYNTHETIC_ASSUMPTION
2026-05-01,"Travel, Lifestyle, Dining & Lounges",Analyst / Associate,339.0752,2.208,3.0176000000000003,338.2656,338.67040000000003,145000,4.092267333333334,SYNTHETIC_ASSUMPTION
2026-05-01,"Travel, Lifestyle, Dining & Lounges",Manager / Senior Manager,228.5072,1.488,2.0336000000000003,227.9616,228.2344,205000,3.8990043333333335,SYNTHETIC_ASSUMPTION
2026-05-01,"Travel, Lifestyle, Dining & Lounges",Director,125.31040000000002,0.8160000000000001,1.1152000000000002,125.01120000000002,125.16080000000001,285000,2.972569,SYNTHETIC_ASSUMPTION
2026-05-01,"Travel, Lifestyle, Dining & Lounges",VP+,44.227199999999996,0.288,0.3936,44.1216,44.1744,430000,1.582916,SYNTHETIC_ASSUMPTION
2026-05-01,Cobrand Partnerships & Business Development,Analyst / Associate,423.84400000000005,2.7600000000000002,3.7720000000000007,422.83200000000005,423.338,145000,5.115334166666667,SYNTHETIC_ASSUMPTION
2026-05-01,Cobrand Partnerships & Business Development,Manager / Senior Manager,285.634,1.8599999999999999,2.5420000000000003,284.952,285.293,205000,4.873755416666667,SYNTHETIC_ASSUMPTION
2026-05-01,Cobrand Partnerships & Business Development,Director,156.63800000000003,1.02,1.3940000000000003,156.264,156.45100000000002,285000,3.7157112500000005,SYNTHETIC_ASSUMPTION
2026-05-01,Cobrand Partnerships & Business Development,VP+,55.284000000000006,0.36,0.49200000000000005,55.152,55.218,430000,1.978645,SYNTHETIC_ASSUMPTION
2026-05-01,U.S. Consumer Marketing & Acquisition,Analyst / Associate,508.61280000000005,3.312,4.5264,507.3984,508.00559999999996,145000,6.138401,SYNTHETIC_ASSUMPTION
2026-05-01,U.S. Consumer Marketing & Acquisition,Manager / Senior Manager,342.7608,2.2319999999999998,3.0504,341.94239999999996,342.35159999999996,205000,5.848506499999999,SYNTHETIC_ASSUMPTION
2026-05-01,U.S. Consumer Marketing & Acquisition,Director,187.96560000000002,1.224,1.6728,187.51680000000002,187.7412,285000,4.4588535,SYNTHETIC_ASSUMPTION
2026-05-01,U.S. Consumer Marketing & Acquisition,VP+,66.3408,0.43199999999999994,0.5903999999999999,66.1824,66.26159999999999,430000,2.3743739999999995,SYNTHETIC_ASSUMPTION
2026-05-01,"Product, Data & Technology",Analyst / Associate,762.9192,4.968,6.7896,761.0976,762.0084,145000,9.207601500000003,SYNTHETIC_ASSUMPTION
2026-05-01,"Product, Data & Technology",Manager / Senior Manager,514.1412,3.348,4.5756,512.9136,513.5274,205000,8.772759749999999,SYNTHETIC_ASSUMPTION
2026-05-01,"Product, Data & Technology",Director,281.9484,1.8359999999999999,2.5092000000000003,281.2752,281.6118,285000,6.68828025,SYNTHETIC_ASSUMPTION
2026-05-01,"Product, Data & Technology",VP+,99.5112,0.6479999999999999,0.8855999999999999,99.27359999999999,99.3924,430000,3.561561,SYNTHETIC_ASSUMPTION
2026-05-01,"Servicing, Operations & Business Support",Analyst / Associate,678.1504,4.416,6.035200000000001,676.5312,677.3408000000001,145000,8.184534666666668,SYNTHETIC_ASSUMPTION
2026-05-01,"Servicing, Operations & Business Support",Manager / Senior Manager,457.0144,2.976,4.067200000000001,455.9232,456.4688,205000,7.798008666666667,SYNTHETIC_ASSUMPTION
2026-05-01,"Servicing, Operations & Business Support",Director,250.62080000000003,1.6320000000000001,2.2304000000000004,250.02240000000003,250.32160000000002,285000,5.945138,SYNTHETIC_ASSUMPTION
2026-05-01,"Servicing, Operations & Business Support",VP+,88.45439999999999,0.576,0.7872,88.2432,88.3488,430000,3.165832,SYNTHETIC_ASSUMPTION
2026-06-01,Consumer Card Products & Portfolio,Analyst / Associate,507.3984,3.036,4.5264,505.908,506.6532000000001,145000,6.122059500000001,SYNTHETIC_ASSUMPTION
2026-06-01,Consumer Card Products & Portfolio,Manager / Senior Manager,341.94239999999996,2.046,3.0504,340.938,341.4402,205000,5.83293675,SYNTHETIC_ASSUMPTION
2026-06-01,Consumer Card Products & Portfolio,Director,187.51680000000002,1.122,1.6728,186.966,187.24140000000003,285000,4.446983250000001,SYNTHETIC_ASSUMPTION
2026-06-01,Consumer Card Products & Portfolio,VP+,66.1824,0.39599999999999996,0.5903999999999999,65.988,66.0852,430000,2.368053,SYNTHETIC_ASSUMPTION
2026-06-01,Lending & U.S. Consumer Banking,Analyst / Associate,507.3984,3.036,4.5264,505.908,506.6532000000001,145000,6.122059500000001,SYNTHETIC_ASSUMPTION
2026-06-01,Lending & U.S. Consumer Banking,Manager / Senior Manager,341.94239999999996,2.046,3.0504,340.938,341.4402,205000,5.83293675,SYNTHETIC_ASSUMPTION
2026-06-01,Lending & U.S. Consumer Banking,Director,187.51680000000002,1.122,1.6728,186.966,187.24140000000003,285000,4.446983250000001,SYNTHETIC_ASSUMPTION
2026-06-01,Lending & U.S. Consumer Banking,VP+,66.1824,0.39599999999999996,0.5903999999999999,65.988,66.0852,430000,2.368053,SYNTHETIC_ASSUMPTION
2026-06-01,Membership Rewards & Card Member Benefits,Analyst / Associate,507.3984,3.036,4.5264,505.908,506.6532000000001,145000,6.122059500000001,SYNTHETIC_ASSUMPTION
2026-06-01,Membership Rewards & Card Member Benefits,Manager / Senior Manager,341.94239999999996,2.046,3.0504,340.938,341.4402,205000,5.83293675,SYNTHETIC_ASSUMPTION
2026-06-01,Membership Rewards & Card Member Benefits,Director,187.51680000000002,1.122,1.6728,186.966,187.24140000000003,285000,4.446983250000001,SYNTHETIC_ASSUMPTION
2026-06-01,Membership Rewards & Card Member Benefits,VP+,66.1824,0.39599999999999996,0.5903999999999999,65.988,66.0852,430000,2.368053,SYNTHETIC_ASSUMPTION
2026-06-01,"Travel, Lifestyle, Dining & Lounges",Analyst / Associate,338.2656,2.0240000000000005,3.0176000000000003,337.27200000000005,337.7688,145000,4.081373,SYNTHETIC_ASSUMPTION
2026-06-01,"Travel, Lifestyle, Dining & Lounges",Manager / Senior Manager,227.9616,1.364,2.0336000000000003,227.292,227.6268,205000,3.8886245,SYNTHETIC_ASSUMPTION
2026-06-01,"Travel, Lifestyle, Dining & Lounges",Director,125.01120000000002,0.7480000000000001,1.1152000000000002,124.64400000000002,124.8276,285000,2.9646555,SYNTHETIC_ASSUMPTION
2026-06-01,"Travel, Lifestyle, Dining & Lounges",VP+,44.1216,0.264,0.3936,43.992000000000004,44.056799999999996,430000,1.5787019999999998,SYNTHETIC_ASSUMPTION
2026-06-01,Cobrand Partnerships & Business Development,Analyst / Associate,422.83200000000005,2.5300000000000002,3.7720000000000007,421.59000000000003,422.211,145000,5.10171625,SYNTHETIC_ASSUMPTION
2026-06-01,Cobrand Partnerships & Business Development,Manager / Senior Manager,284.952,1.705,2.5420000000000003,284.115,284.5335,205000,4.860780625,SYNTHETIC_ASSUMPTION
2026-06-01,Cobrand Partnerships & Business Development,Director,156.264,0.935,1.3940000000000003,155.805,156.0345,285000,3.705819375,SYNTHETIC_ASSUMPTION
2026-06-01,Cobrand Partnerships & Business Development,VP+,55.152,0.32999999999999996,0.49200000000000005,54.989999999999995,55.071,430000,1.9733775,SYNTHETIC_ASSUMPTION
2026-06-01,U.S. Consumer Marketing & Acquisition,Analyst / Associate,507.3984,3.036,4.5264,505.908,506.6532000000001,145000,6.122059500000001,SYNTHETIC_ASSUMPTION
2026-06-01,U.S. Consumer Marketing & Acquisition,Manager / Senior Manager,341.94239999999996,2.046,3.0504,340.938,341.4402,205000,5.83293675,SYNTHETIC_ASSUMPTION
2026-06-01,U.S. Consumer Marketing & Acquisition,Director,187.51680000000002,1.122,1.6728,186.966,187.24140000000003,285000,4.446983250000001,SYNTHETIC_ASSUMPTION
2026-06-01,U.S. Consumer Marketing & Acquisition,VP+,66.1824,0.39599999999999996,0.5903999999999999,65.988,66.0852,430000,2.368053,SYNTHETIC_ASSUMPTION
2026-06-01,"Product, Data & Technology",Analyst / Associate,761.0976,4.554,6.7896,758.8620000000001,759.9798,145000,9.18308925,SYNTHETIC_ASSUMPTION
2026-06-01,"Product, Data & Technology",Manager / Senior Manager,512.9136,3.069,4.5756,511.407,512.1603,205000,8.749405125,SYNTHETIC_ASSUMPTION
2026-06-01,"Product, Data & Technology",Director,281.2752,1.6830000000000003,2.5092000000000003,280.449,280.8621,285000,6.670474875,SYNTHETIC_ASSUMPTION
2026-06-01,"Product, Data & Technology",VP+,99.27359999999999,0.594,0.8855999999999999,98.982,99.1278,430000,3.5520795,SYNTHETIC_ASSUMPTION
2026-06-01,"Servicing, Operations & Business Support",Analyst / Associate,676.5312,4.048000000000001,6.035200000000001,674.5440000000001,675.5376,145000,8.162746,SYNTHETIC_ASSUMPTION
2026-06-01,"Servicing, Operations & Business Support",Manager / Senior Manager,455.9232,2.728,4.067200000000001,454.584,455.2536,205000,7.777249,SYNTHETIC_ASSUMPTION
2026-06-01,"Servicing, Operations & Business Support",Director,250.02240000000003,1.4960000000000002,2.2304000000000004,249.28800000000004,249.6552,285000,5.929311,SYNTHETIC_ASSUMPTION
2026-06-01,"Servicing, Operations & Business Support",VP+,88.2432,0.528,0.7872,87.98400000000001,88.11359999999999,430000,3.1574039999999997,SYNTHETIC_ASSUMPTION
2026-07-01,Consumer Card Products & Portfolio,Analyst / Associate,505.908,2.7600000000000002,4.6368,504.0312,504.9696,145000,6.101716,SYNTHETIC_ASSUMPTION
2026-07-01,Consumer Card Products & Portfolio,Manager / Senior Manager,340.938,1.8599999999999999,3.1248,339.6732,340.30559999999997,205000,5.813554,SYNTHETIC_ASSUMPTION
2026-07-01,Consumer Card Products & Portfolio,Director,186.966,1.02,1.7136000000000002,186.2724,186.6192,285000,4.432206,SYNTHETIC_ASSUMPTION
2026-07-01,Consumer Card Products & Portfolio,VP+,65.988,0.36,0.6048,65.7432,65.8656,430000,2.360184,SYNTHETIC_ASSUMPTION
2026-07-01,Lending & U.S. Consumer Banking,Analyst / Associate,505.908,2.7600000000000002,4.6368,504.0312,504.9696,145000,6.101716,SYNTHETIC_ASSUMPTION
2026-07-01,Lending & U.S. Consumer Banking,Manager / Senior Manager,340.938,1.8599999999999999,3.1248,339.6732,340.30559999999997,205000,5.813554,SYNTHETIC_ASSUMPTION
2026-07-01,Lending & U.S. Consumer Banking,Director,186.966,1.02,1.7136000000000002,186.2724,186.6192,285000,4.432206,SYNTHETIC_ASSUMPTION
2026-07-01,Lending & U.S. Consumer Banking,VP+,65.988,0.36,0.6048,65.7432,65.8656,430000,2.360184,SYNTHETIC_ASSUMPTION
2026-07-01,Membership Rewards & Card Member Benefits,Analyst / Associate,505.908,2.7600000000000002,4.6368,504.0312,504.9696,145000,6.101716,SYNTHETIC_ASSUMPTION
2026-07-01,Membership Rewards & Card Member Benefits,Manager / Senior Manager,340.938,1.8599999999999999,3.1248,339.6732,340.30559999999997,205000,5.813554,SYNTHETIC_ASSUMPTION
2026-07-01,Membership Rewards & Card Member Benefits,Director,186.966,1.02,1.7136000000000002,186.2724,186.6192,285000,4.432206,SYNTHETIC_ASSUMPTION
2026-07-01,Membership Rewards & Card Member Benefits,VP+,65.988,0.36,0.6048,65.7432,65.8656,430000,2.360184,SYNTHETIC_ASSUMPTION
2026-07-01,"Travel, Lifestyle, Dining & Lounges",Analyst / Associate,337.27200000000005,1.84,3.0912,336.0208,336.6464,145000,4.067810666666667,SYNTHETIC_ASSUMPTION
2026-07-01,"Travel, Lifestyle, Dining & Lounges",Manager / Senior Manager,227.292,1.24,2.0831999999999997,226.4488,226.87040000000002,205000,3.8757026666666663,SYNTHETIC_ASSUMPTION
2026-07-01,"Travel, Lifestyle, Dining & Lounges",Director,124.64400000000002,0.68,1.1424,124.18160000000002,124.41280000000002,285000,2.9548040000000007,SYNTHETIC_ASSUMPTION
2026-07-01,"Travel, Lifestyle, Dining & Lounges",VP+,43.992000000000004,0.24,0.40319999999999995,43.8288,43.9104,430000,1.573456,SYNTHETIC_ASSUMPTION
2026-07-01,Cobrand Partnerships & Business Development,Analyst / Associate,421.59000000000003,2.3000000000000003,3.8640000000000003,420.026,420.80800000000005,145000,5.084763333333334,SYNTHETIC_ASSUMPTION
2026-07-01,Cobrand Partnerships & Business Development,Manager / Senior Manager,284.115,1.55,2.604,283.061,283.588,205000,4.8446283333333335,SYNTHETIC_ASSUMPTION
2026-07-01,Cobrand Partnerships & Business Development,Director,155.805,0.8500000000000001,1.4280000000000002,155.227,155.51600000000002,285000,3.6935050000000005,SYNTHETIC_ASSUMPTION
2026-07-01,Cobrand Partnerships & Business Development,VP+,54.989999999999995,0.3,0.504,54.786,54.888000000000005,430000,1.9668200000000002,SYNTHETIC_ASSUMPTION
2026-07-01,U.S. Consumer Marketing & Acquisition,Analyst / Associate,505.908,2.7600000000000002,4.6368,504.0312,504.9696,145000,6.101716,SYNTHETIC_ASSUMPTION
2026-07-01,U.S. Consumer Marketing & Acquisition,Manager / Senior Manager,340.938,1.8599999999999999,3.1248,339.6732,340.30559999999997,205000,5.813554,SYNTHETIC_ASSUMPTION
2026-07-01,U.S. Consumer Marketing & Acquisition,Director,186.966,1.02,1.7136000000000002,186.2724,186.6192,285000,4.432206,SYNTHETIC_ASSUMPTION
2026-07-01,U.S. Consumer Marketing & Acquisition,VP+,65.988,0.36,0.6048,65.7432,65.8656,430000,2.360184,SYNTHETIC_ASSUMPTION
2026-07-01,"Product, Data & Technology",Analyst / Associate,758.8620000000001,4.140000000000001,6.9552,756.0468,757.4544,145000,9.152574,SYNTHETIC_ASSUMPTION
2026-07-01,"Product, Data & Technology",Manager / Senior Manager,511.407,2.79,4.6872,509.5098,510.4584,205000,8.720331,SYNTHETIC_ASSUMPTION
2026-07-01,"Product, Data & Technology",Director,280.449,1.53,2.5704000000000002,279.40860000000004,279.9288,285000,6.648309,SYNTHETIC_ASSUMPTION
2026-07-01,"Product, Data & Technology",VP+,98.982,0.54,0.9071999999999999,98.61479999999999,98.79839999999999,430000,3.5402759999999995,SYNTHETIC_ASSUMPTION
2026-07-01,"Servicing, Operations & Business Support",Analyst / Associate,674.5440000000001,3.68,6.1824,672.0416,673.2928,145000,8.135621333333335,SYNTHETIC_ASSUMPTION
2026-07-01,"Servicing, Operations & Business Support",Manager / Senior Manager,454.584,2.48,4.166399999999999,452.8976,453.74080000000004,205000,7.751405333333333,SYNTHETIC_ASSUMPTION
2026-07-01,"Servicing, Operations & Business Support",Director,249.28800000000004,1.36,2.2848,248.36320000000003,248.82560000000004,285000,5.909608000000001,SYNTHETIC_ASSUMPTION
2026-07-01,"Servicing, Operations & Business Support",VP+,87.98400000000001,0.48,0.8063999999999999,87.6576,87.8208,430000,3.146912,SYNTHETIC_ASSUMPTION
2026-08-01,Consumer Card Products & Portfolio,Analyst / Associate,504.0312,2.7600000000000002,4.6368,502.15439999999995,503.09280000000007,145000,6.079038000000001,SYNTHETIC_ASSUMPTION
2026-08-01,Consumer Card Products & Portfolio,Manager / Senior Manager,339.6732,1.8599999999999999,3.1248,338.4084,339.0408,205000,5.791947,SYNTHETIC_ASSUMPTION
2026-08-01,Consumer Card Products & Portfolio,Director,186.2724,1.02,1.7136000000000002,185.5788,185.92560000000003,285000,4.415733000000001,SYNTHETIC_ASSUMPTION
2026-08-01,Consumer Card Products & Portfolio,VP+,65.7432,0.36,0.6048,65.49839999999999,65.6208,430000,2.351412,SYNTHETIC_ASSUMPTION
2026-08-01,Lending & U.S. Consumer Banking,Analyst / Associate,504.0312,2.7600000000000002,4.6368,502.15439999999995,503.09280000000007,145000,6.079038000000001,SYNTHETIC_ASSUMPTION
2026-08-01,Lending & U.S. Consumer Banking,Manager / Senior Manager,339.6732,1.8599999999999999,3.1248,338.4084,339.0408,205000,5.791947,SYNTHETIC_ASSUMPTION
2026-08-01,Lending & U.S. Consumer Banking,Director,186.2724,1.02,1.7136000000000002,185.5788,185.92560000000003,285000,4.415733000000001,SYNTHETIC_ASSUMPTION
2026-08-01,Lending & U.S. Consumer Banking,VP+,65.7432,0.36,0.6048,65.49839999999999,65.6208,430000,2.351412,SYNTHETIC_ASSUMPTION
2026-08-01,Membership Rewards & Card Member Benefits,Analyst / Associate,504.0312,2.7600000000000002,4.6368,502.15439999999995,503.09280000000007,145000,6.079038000000001,SYNTHETIC_ASSUMPTION
2026-08-01,Membership Rewards & Card Member Benefits,Manager / Senior Manager,339.6732,1.8599999999999999,3.1248,338.4084,339.0408,205000,5.791947,SYNTHETIC_ASSUMPTION
2026-08-01,Membership Rewards & Card Member Benefits,Director,186.2724,1.02,1.7136000000000002,185.5788,185.92560000000003,285000,4.415733000000001,SYNTHETIC_ASSUMPTION
2026-08-01,Membership Rewards & Card Member Benefits,VP+,65.7432,0.36,0.6048,65.49839999999999,65.6208,430000,2.351412,SYNTHETIC_ASSUMPTION
2026-08-01,"Travel, Lifestyle, Dining & Lounges",Analyst / Associate,336.0208,1.84,3.0912,334.7696,335.3952,145000,4.052692,SYNTHETIC_ASSUMPTION
2026-08-01,"Travel, Lifestyle, Dining & Lounges",Manager / Senior Manager,226.4488,1.24,2.0831999999999997,225.6056,226.0272,205000,3.861298,SYNTHETIC_ASSUMPTION
2026-08-01,"Travel, Lifestyle, Dining & Lounges",Director,124.18160000000002,0.68,1.1424,123.7192,123.95040000000002,285000,2.9438220000000004,SYNTHETIC_ASSUMPTION
2026-08-01,"Travel, Lifestyle, Dining & Lounges",VP+,43.8288,0.24,0.40319999999999995,43.6656,43.7472,430000,1.567608,SYNTHETIC_ASSUMPTION
2026-08-01,Cobrand Partnerships & Business Development,Analyst / Associate,420.026,2.3000000000000003,3.8640000000000003,418.46200000000005,419.2440000000001,145000,5.0658650000000005,SYNTHETIC_ASSUMPTION
2026-08-01,Cobrand Partnerships & Business Development,Manager / Senior Manager,283.061,1.55,2.604,282.007,282.53400000000005,205000,4.826622500000001,SYNTHETIC_ASSUMPTION
2026-08-01,Cobrand Partnerships & Business Development,Director,155.227,0.8500000000000001,1.4280000000000002,154.64900000000003,154.93800000000002,285000,3.6797775000000006,SYNTHETIC_ASSUMPTION
2026-08-01,Cobrand Partnerships & Business Development,VP+,54.786,0.3,0.504,54.582,54.684000000000005,430000,1.9595100000000003,SYNTHETIC_ASSUMPTION
2026-08-01,U.S. Consumer Marketing & Acquisition,Analyst / Associate,504.0312,2.7600000000000002,4.6368,502.15439999999995,503.09280000000007,145000,6.079038000000001,SYNTHETIC_ASSUMPTION
2026-08-01,U.S. Consumer Marketing & Acquisition,Manager / Senior Manager,339.6732,1.8599999999999999,3.1248,338.4084,339.0408,205000,5.791947,SYNTHETIC_ASSUMPTION
2026-08-01,U.S. Consumer Marketing & Acquisition,Director,186.2724,1.02,1.7136000000000002,185.5788,185.92560000000003,285000,4.415733000000001,SYNTHETIC_ASSUMPTION
2026-08-01,U.S. Consumer Marketing & Acquisition,VP+,65.7432,0.36,0.6048,65.49839999999999,65.6208,430000,2.351412,SYNTHETIC_ASSUMPTION
2026-08-01,"Product, Data & Technology",Analyst / Associate,756.0468,4.140000000000001,6.9552,753.2316000000001,754.6392000000001,145000,9.118557000000003,SYNTHETIC_ASSUMPTION
2026-08-01,"Product, Data & Technology",Manager / Senior Manager,509.5098,2.79,4.6872,507.6126,508.5612,205000,8.6879205,SYNTHETIC_ASSUMPTION
2026-08-01,"Product, Data & Technology",Director,279.40860000000004,1.53,2.5704000000000002,278.3682,278.8884,285000,6.6235995,SYNTHETIC_ASSUMPTION
2026-08-01,"Product, Data & Technology",VP+,98.61479999999999,0.54,0.9071999999999999,98.2476,98.43119999999999,430000,3.5271179999999998,SYNTHETIC_ASSUMPTION
2026-08-01,"Servicing, Operations & Business Support",Analyst / Associate,672.0416,3.68,6.1824,669.5392,670.7904,145000,8.105384,SYNTHETIC_ASSUMPTION
2026-08-01,"Servicing, Operations & Business Support",Manager / Senior Manager,452.8976,2.48,4.166399999999999,451.2112,452.0544,205000,7.722596,SYNTHETIC_ASSUMPTION
2026-08-01,"Servicing, Operations & Business Support",Director,248.36320000000003,1.36,2.2848,247.4384,247.90080000000003,285000,5.887644000000001,SYNTHETIC_ASSUMPTION
2026-08-01,"Servicing, Operations & Business Support",VP+,87.6576,0.48,0.8063999999999999,87.3312,87.4944,430000,3.135216,SYNTHETIC_ASSUMPTION
2026-09-01,Consumer Card Products & Portfolio,Analyst / Associate,502.15439999999995,2.484,4.7472,499.8912,501.0228000000001,145000,6.054025500000001,SYNTHETIC_ASSUMPTION
2026-09-01,Consumer Card Products & Portfolio,Manager / Senior Manager,338.4084,1.674,3.1992000000000003,336.8832,337.6458,205000,5.76811575,SYNTHETIC_ASSUMPTION
2026-09-01,Consumer Card Products & Portfolio,Director,185.5788,0.9179999999999999,1.7544000000000002,184.74240000000003,185.16060000000002,285000,4.397564250000001,SYNTHETIC_ASSUMPTION
2026-09-01,Consumer Card Products & Portfolio,VP+,65.49839999999999,0.32399999999999995,0.6192,65.2032,65.3508,430000,2.3417370000000006,SYNTHETIC_ASSUMPTION
2026-09-01,Lending & U.S. Consumer Banking,Analyst / Associate,502.15439999999995,2.484,4.7472,499.8912,501.0228000000001,145000,6.054025500000001,SYNTHETIC_ASSUMPTION
2026-09-01,Lending & U.S. Consumer Banking,Manager / Senior Manager,338.4084,1.674,3.1992000000000003,336.8832,337.6458,205000,5.76811575,SYNTHETIC_ASSUMPTION
2026-09-01,Lending & U.S. Consumer Banking,Director,185.5788,0.9179999999999999,1.7544000000000002,184.74240000000003,185.16060000000002,285000,4.397564250000001,SYNTHETIC_ASSUMPTION
2026-09-01,Lending & U.S. Consumer Banking,VP+,65.49839999999999,0.32399999999999995,0.6192,65.2032,65.3508,430000,2.3417370000000006,SYNTHETIC_ASSUMPTION
2026-09-01,Membership Rewards & Card Member Benefits,Analyst / Associate,502.15439999999995,2.484,4.7472,499.8912,501.0228000000001,145000,6.054025500000001,SYNTHETIC_ASSUMPTION
2026-09-01,Membership Rewards & Card Member Benefits,Manager / Senior Manager,338.4084,1.674,3.1992000000000003,336.8832,337.6458,205000,5.76811575,SYNTHETIC_ASSUMPTION
2026-09-01,Membership Rewards & Card Member Benefits,Director,185.5788,0.9179999999999999,1.7544000000000002,184.74240000000003,185.16060000000002,285000,4.397564250000001,SYNTHETIC_ASSUMPTION
2026-09-01,Membership Rewards & Card Member Benefits,VP+,65.49839999999999,0.32399999999999995,0.6192,65.2032,65.3508,430000,2.3417370000000006,SYNTHETIC_ASSUMPTION
2026-09-01,"Travel, Lifestyle, Dining & Lounges",Analyst / Associate,334.7696,1.6560000000000001,3.1648,333.2608,334.0152,145000,4.036017,SYNTHETIC_ASSUMPTION
2026-09-01,"Travel, Lifestyle, Dining & Lounges",Manager / Senior Manager,225.6056,1.116,2.1328,224.5888,225.0972,205000,3.8454105,SYNTHETIC_ASSUMPTION
2026-09-01,"Travel, Lifestyle, Dining & Lounges",Director,123.7192,0.6120000000000001,1.1696,123.1616,123.44040000000001,285000,2.9317095,SYNTHETIC_ASSUMPTION
2026-09-01,"Travel, Lifestyle, Dining & Lounges",VP+,43.6656,0.216,0.4128,43.4688,43.5672,430000,1.561158,SYNTHETIC_ASSUMPTION
2026-09-01,Cobrand Partnerships & Business Development,Analyst / Associate,418.46200000000005,2.0700000000000003,3.956,416.576,417.51900000000006,145000,5.045021250000001,SYNTHETIC_ASSUMPTION
2026-09-01,Cobrand Partnerships & Business Development,Manager / Senior Manager,282.007,1.395,2.666,280.736,281.3715,205000,4.806763125000001,SYNTHETIC_ASSUMPTION
2026-09-01,Cobrand Partnerships & Business Development,Director,154.64900000000003,0.765,1.462,153.95200000000003,154.30050000000003,285000,3.6646368750000007,SYNTHETIC_ASSUMPTION
2026-09-01,Cobrand Partnerships & Business Development,VP+,54.582,0.27,0.516,54.336,54.459,430000,1.9514475,SYNTHETIC_ASSUMPTION
2026-09-01,U.S. Consumer Marketing & Acquisition,Analyst / Associate,502.15439999999995,2.484,4.7472,499.8912,501.0228000000001,145000,6.054025500000001,SYNTHETIC_ASSUMPTION
2026-09-01,U.S. Consumer Marketing & Acquisition,Manager / Senior Manager,338.4084,1.674,3.1992000000000003,336.8832,337.6458,205000,5.76811575,SYNTHETIC_ASSUMPTION
2026-09-01,U.S. Consumer Marketing & Acquisition,Director,185.5788,0.9179999999999999,1.7544000000000002,184.74240000000003,185.16060000000002,285000,4.397564250000001,SYNTHETIC_ASSUMPTION
2026-09-01,U.S. Consumer Marketing & Acquisition,VP+,65.49839999999999,0.32399999999999995,0.6192,65.2032,65.3508,430000,2.3417370000000006,SYNTHETIC_ASSUMPTION
2026-09-01,"Product, Data & Technology",Analyst / Associate,753.2316000000001,3.726,7.1208,749.8368,751.5342,145000,9.081038250000002,SYNTHETIC_ASSUMPTION
2026-09-01,"Product, Data & Technology",Manager / Senior Manager,507.6126,2.5109999999999997,4.7988,505.3248,506.4687,205000,8.652173625,SYNTHETIC_ASSUMPTION
2026-09-01,"Product, Data & Technology",Director,278.3682,1.377,2.6316,277.1136,277.7409,285000,6.596346375,SYNTHETIC_ASSUMPTION
2026-09-01,"Product, Data & Technology",VP+,98.2476,0.486,0.9287999999999998,97.80479999999999,98.02619999999999,430000,3.5126054999999994,SYNTHETIC_ASSUMPTION
2026-09-01,"Servicing, Operations & Business Support",Analyst / Associate,669.5392,3.3120000000000003,6.3296,666.5216,668.0304,145000,8.072034,SYNTHETIC_ASSUMPTION
2026-09-01,"Servicing, Operations & Business Support",Manager / Senior Manager,451.2112,2.232,4.2656,449.1776,450.1944,205000,7.690821,SYNTHETIC_ASSUMPTION
2026-09-01,"Servicing, Operations & Business Support",Director,247.4384,1.2240000000000002,2.3392,246.3232,246.88080000000002,285000,5.863419,SYNTHETIC_ASSUMPTION
2026-09-01,"Servicing, Operations & Business Support",VP+,87.3312,0.432,0.8256,86.9376,87.1344,430000,3.122316,SYNTHETIC_ASSUMPTION
2026-10-01,Consumer Card Products & Portfolio,Analyst / Associate,499.8912,2.484,4.7472,497.628,498.75960000000003,145000,6.0266785,SYNTHETIC_ASSUMPTION
2026-10-01,Consumer Card Products & Portfolio,Manager / Senior Manager,336.8832,1.674,3.1992000000000003,335.358,336.12059999999997,205000,5.74206025,SYNTHETIC_ASSUMPTION
2026-10-01,Consumer Card Products & Portfolio,Director,184.74240000000003,0.9179999999999999,1.7544000000000002,183.906,184.32420000000002,285000,4.3776997500000006,SYNTHETIC_ASSUMPTION
2026-10-01,Consumer Card Products & Portfolio,VP+,65.2032,0.32399999999999995,0.6192,64.908,65.0556,430000,2.331159,SYNTHETIC_ASSUMPTION
2026-10-01,Lending & U.S. Consumer Banking,Analyst / Associate,499.8912,2.484,4.7472,497.628,498.75960000000003,145000,6.0266785,SYNTHETIC_ASSUMPTION
2026-10-01,Lending & U.S. Consumer Banking,Manager / Senior Manager,336.8832,1.674,3.1992000000000003,335.358,336.12059999999997,205000,5.74206025,SYNTHETIC_ASSUMPTION
2026-10-01,Lending & U.S. Consumer Banking,Director,184.74240000000003,0.9179999999999999,1.7544000000000002,183.906,184.32420000000002,285000,4.3776997500000006,SYNTHETIC_ASSUMPTION
2026-10-01,Lending & U.S. Consumer Banking,VP+,65.2032,0.32399999999999995,0.6192,64.908,65.0556,430000,2.331159,SYNTHETIC_ASSUMPTION
2026-10-01,Membership Rewards & Card Member Benefits,Analyst / Associate,499.8912,2.484,4.7472,497.628,498.75960000000003,145000,6.0266785,SYNTHETIC_ASSUMPTION
2026-10-01,Membership Rewards & Card Member Benefits,Manager / Senior Manager,336.8832,1.674,3.1992000000000003,335.358,336.12059999999997,205000,5.74206025,SYNTHETIC_ASSUMPTION
2026-10-01,Membership Rewards & Card Member Benefits,Director,184.74240000000003,0.9179999999999999,1.7544000000000002,183.906,184.32420000000002,285000,4.3776997500000006,SYNTHETIC_ASSUMPTION
2026-10-01,Membership Rewards & Card Member Benefits,VP+,65.2032,0.32399999999999995,0.6192,64.908,65.0556,430000,2.331159,SYNTHETIC_ASSUMPTION
2026-10-01,"Travel, Lifestyle, Dining & Lounges",Analyst / Associate,333.2608,1.6560000000000001,3.1648,331.752,332.50640000000004,145000,4.017785666666668,SYNTHETIC_ASSUMPTION
2026-10-01,"Travel, Lifestyle, Dining & Lounges",Manager / Senior Manager,224.5888,1.116,2.1328,223.572,224.0804,205000,3.8280401666666664,SYNTHETIC_ASSUMPTION
2026-10-01,"Travel, Lifestyle, Dining & Lounges",Director,123.1616,0.6120000000000001,1.1696,122.60400000000001,122.88280000000002,285000,2.9184665000000005,SYNTHETIC_ASSUMPTION
2026-10-01,"Travel, Lifestyle, Dining & Lounges",VP+,43.4688,0.216,0.4128,43.272,43.370400000000004,430000,1.554106,SYNTHETIC_ASSUMPTION
2026-10-01,Cobrand Partnerships & Business Development,Analyst / Associate,416.576,2.0700000000000003,3.956,414.69,415.63300000000004,145000,5.022232083333334,SYNTHETIC_ASSUMPTION
2026-10-01,Cobrand Partnerships & Business Development,Manager / Senior Manager,280.736,1.395,2.666,279.465,280.1005,205000,4.785050208333333,SYNTHETIC_ASSUMPTION
2026-10-01,Cobrand Partnerships & Business Development,Director,153.95200000000003,0.765,1.462,153.25500000000002,153.60350000000003,285000,3.6480831250000003,SYNTHETIC_ASSUMPTION
2026-10-01,Cobrand Partnerships & Business Development,VP+,54.336,0.27,0.516,54.089999999999996,54.213,430000,1.9426325,SYNTHETIC_ASSUMPTION
2026-10-01,U.S. Consumer Marketing & Acquisition,Analyst / Associate,499.8912,2.484,4.7472,497.628,498.75960000000003,145000,6.0266785,SYNTHETIC_ASSUMPTION
2026-10-01,U.S. Consumer Marketing & Acquisition,Manager / Senior Manager,336.8832,1.674,3.1992000000000003,335.358,336.12059999999997,205000,5.74206025,SYNTHETIC_ASSUMPTION
2026-10-01,U.S. Consumer Marketing & Acquisition,Director,184.74240000000003,0.9179999999999999,1.7544000000000002,183.906,184.32420000000002,285000,4.3776997500000006,SYNTHETIC_ASSUMPTION
2026-10-01,U.S. Consumer Marketing & Acquisition,VP+,65.2032,0.32399999999999995,0.6192,64.908,65.0556,430000,2.331159,SYNTHETIC_ASSUMPTION
2026-10-01,"Product, Data & Technology",Analyst / Associate,749.8368,3.726,7.1208,746.442,748.1394,145000,9.04001775,SYNTHETIC_ASSUMPTION
2026-10-01,"Product, Data & Technology",Manager / Senior Manager,505.3248,2.5109999999999997,4.7988,503.03700000000003,504.18089999999995,205000,8.613090374999999,SYNTHETIC_ASSUMPTION
2026-10-01,"Product, Data & Technology",Director,277.1136,1.377,2.6316,275.85900000000004,276.48629999999997,285000,6.5665496249999995,SYNTHETIC_ASSUMPTION
2026-10-01,"Product, Data & Technology",VP+,97.80479999999999,0.486,0.9287999999999998,97.362,97.58339999999998,430000,3.4967384999999997,SYNTHETIC_ASSUMPTION
2026-10-01,"Servicing, Operations & Business Support",Analyst / Associate,666.5216,3.3120000000000003,6.3296,663.504,665.0128000000001,145000,8.035571333333335,SYNTHETIC_ASSUMPTION
2026-10-01,"Servicing, Operations & Business Support",Manager / Senior Manager,449.1776,2.232,4.2656,447.144,448.1608,205000,7.656080333333333,SYNTHETIC_ASSUMPTION
2026-10-01,"Servicing, Operations & Business Support",Director,246.3232,1.2240000000000002,2.3392,245.20800000000003,245.76560000000003,285000,5.836933000000001,SYNTHETIC_ASSUMPTION
2026-10-01,"Servicing, Operations & Business Support",VP+,86.9376,0.432,0.8256,86.544,86.74080000000001,430000,3.108212,SYNTHETIC_ASSUMPTION
2026-11-01,Consumer Card Products & Portfolio,Analyst / Associate,497.628,2.208,4.8576,494.9784,496.30320000000006,145000,5.996997000000001,SYNTHETIC_ASSUMPTION
2026-11-01,Consumer Card Products & Portfolio,Manager / Senior Manager,335.358,1.488,3.2735999999999996,333.57239999999996,334.46520000000004,205000,5.713780500000001,SYNTHETIC_ASSUMPTION
2026-11-01,Consumer Card Products & Portfolio,Director,183.906,0.8160000000000001,1.7952,182.92680000000001,183.41640000000004,285000,4.356139500000001,SYNTHETIC_ASSUMPTION
2026-11-01,Consumer Card Products & Portfolio,VP+,64.908,0.288,0.6335999999999999,64.5624,64.7352,430000,2.3196780000000006,SYNTHETIC_ASSUMPTION
2026-11-01,Lending & U.S. Consumer Banking,Analyst / Associate,497.628,2.208,4.8576,494.9784,496.30320000000006,145000,5.996997000000001,SYNTHETIC_ASSUMPTION
2026-11-01,Lending & U.S. Consumer Banking,Manager / Senior Manager,335.358,1.488,3.2735999999999996,333.57239999999996,334.46520000000004,205000,5.713780500000001,SYNTHETIC_ASSUMPTION
2026-11-01,Lending & U.S. Consumer Banking,Director,183.906,0.8160000000000001,1.7952,182.92680000000001,183.41640000000004,285000,4.356139500000001,SYNTHETIC_ASSUMPTION
2026-11-01,Lending & U.S. Consumer Banking,VP+,64.908,0.288,0.6335999999999999,64.5624,64.7352,430000,2.3196780000000006,SYNTHETIC_ASSUMPTION
2026-11-01,Membership Rewards & Card Member Benefits,Analyst / Associate,497.628,2.208,4.8576,494.9784,496.30320000000006,145000,5.996997000000001,SYNTHETIC_ASSUMPTION
2026-11-01,Membership Rewards & Card Member Benefits,Manager / Senior Manager,335.358,1.488,3.2735999999999996,333.57239999999996,334.46520000000004,205000,5.713780500000001,SYNTHETIC_ASSUMPTION
2026-11-01,Membership Rewards & Card Member Benefits,Director,183.906,0.8160000000000001,1.7952,182.92680000000001,183.41640000000004,285000,4.356139500000001,SYNTHETIC_ASSUMPTION
2026-11-01,Membership Rewards & Card Member Benefits,VP+,64.908,0.288,0.6335999999999999,64.5624,64.7352,430000,2.3196780000000006,SYNTHETIC_ASSUMPTION
2026-11-01,"Travel, Lifestyle, Dining & Lounges",Analyst / Associate,331.752,1.4720000000000002,3.2384,329.98560000000003,330.8688,145000,3.997998,SYNTHETIC_ASSUMPTION
2026-11-01,"Travel, Lifestyle, Dining & Lounges",Manager / Senior Manager,223.572,0.992,2.1824,222.3816,222.9768,205000,3.809187,SYNTHETIC_ASSUMPTION
2026-11-01,"Travel, Lifestyle, Dining & Lounges",Director,122.60400000000001,0.544,1.1968,121.95120000000001,122.2776,285000,2.904093,SYNTHETIC_ASSUMPTION
2026-11-01,"Travel, Lifestyle, Dining & Lounges",VP+,43.272,0.192,0.4224,43.0416,43.1568,430000,1.546452,SYNTHETIC_ASSUMPTION
2026-11-01,Cobrand Partnerships & Business Development,Analyst / Associate,414.69,1.84,4.048000000000001,412.482,413.586,145000,4.9974975,SYNTHETIC_ASSUMPTION
2026-11-01,Cobrand Partnerships & Business Development,Manager / Senior Manager,279.465,1.24,2.728,277.97700000000003,278.721,205000,4.76148375,SYNTHETIC_ASSUMPTION
2026-11-01,Cobrand Partnerships & Business Development,Director,153.25500000000002,0.68,1.4960000000000002,152.43900000000002,152.847,285000,3.63011625,SYNTHETIC_ASSUMPTION
2026-11-01,Cobrand Partnerships & Business Development,VP+,54.089999999999996,0.24,0.528,53.802,53.946,430000,1.933065,SYNTHETIC_ASSUMPTION
2026-11-01,U.S. Consumer Marketing & Acquisition,Analyst / Associate,497.628,2.208,4.8576,494.9784,496.30320000000006,145000,5.996997000000001,SYNTHETIC_ASSUMPTION
2026-11-01,U.S. Consumer Marketing & Acquisition,Manager / Senior Manager,335.358,1.488,3.2735999999999996,333.57239999999996,334.46520000000004,205000,5.713780500000001,SYNTHETIC_ASSUMPTION
2026-11-01,U.S. Consumer Marketing & Acquisition,Director,183.906,0.8160000000000001,1.7952,182.92680000000001,183.41640000000004,285000,4.356139500000001,SYNTHETIC_ASSUMPTION
2026-11-01,U.S. Consumer Marketing & Acquisition,VP+,64.908,0.288,0.6335999999999999,64.5624,64.7352,430000,2.3196780000000006,SYNTHETIC_ASSUMPTION
2026-11-01,"Product, Data & Technology",Analyst / Associate,746.442,3.312,7.2864,742.4676000000001,744.4548,145000,8.9954955,SYNTHETIC_ASSUMPTION
2026-11-01,"Product, Data & Technology",Manager / Senior Manager,503.03700000000003,2.2319999999999998,4.9104,500.35859999999997,501.6978,205000,8.57067075,SYNTHETIC_ASSUMPTION
2026-11-01,"Product, Data & Technology",Director,275.85900000000004,1.224,2.6928,274.3902,275.1246,285000,6.53420925,SYNTHETIC_ASSUMPTION
2026-11-01,"Product, Data & Technology",VP+,97.362,0.43199999999999994,0.9503999999999999,96.8436,97.10279999999999,430000,3.4795169999999995,SYNTHETIC_ASSUMPTION
2026-11-01,"Servicing, Operations & Business Support",Analyst / Associate,663.504,2.9440000000000004,6.4768,659.9712000000001,661.7376,145000,7.995996,SYNTHETIC_ASSUMPTION
2026-11-01,"Servicing, Operations & Business Support",Manager / Senior Manager,447.144,1.984,4.3648,444.7632,445.9536,205000,7.618374,SYNTHETIC_ASSUMPTION
2026-11-01,"Servicing, Operations & Business Support",Director,245.20800000000003,1.088,2.3936,243.90240000000003,244.5552,285000,5.808186,SYNTHETIC_ASSUMPTION
2026-11-01,"Servicing, Operations & Business Support",VP+,86.544,0.384,0.8448,86.0832,86.3136,430000,3.092904,SYNTHETIC_ASSUMPTION
2026-12-01,Consumer Card Products & Portfolio,Analyst / Associate,494.9784,1.9320000000000002,4.8576,492.05280000000005,493.51559999999995,145000,5.9633135,SYNTHETIC_ASSUMPTION
2026-12-01,Consumer Card Products & Portfolio,Manager / Senior Manager,333.57239999999996,1.302,3.2735999999999996,331.6008,332.5866,205000,5.68168775,SYNTHETIC_ASSUMPTION
2026-12-01,Consumer Card Products & Portfolio,Director,182.92680000000001,0.7140000000000001,1.7952,181.84560000000002,182.3862,285000,4.33167225,SYNTHETIC_ASSUMPTION
2026-12-01,Consumer Card Products & Portfolio,VP+,64.5624,0.252,0.6335999999999999,64.1808,64.37159999999999,430000,2.3066489999999997,SYNTHETIC_ASSUMPTION
2026-12-01,Lending & U.S. Consumer Banking,Analyst / Associate,494.9784,1.9320000000000002,4.8576,492.05280000000005,493.51559999999995,145000,5.9633135,SYNTHETIC_ASSUMPTION
2026-12-01,Lending & U.S. Consumer Banking,Manager / Senior Manager,333.57239999999996,1.302,3.2735999999999996,331.6008,332.5866,205000,5.68168775,SYNTHETIC_ASSUMPTION
2026-12-01,Lending & U.S. Consumer Banking,Director,182.92680000000001,0.7140000000000001,1.7952,181.84560000000002,182.3862,285000,4.33167225,SYNTHETIC_ASSUMPTION
2026-12-01,Lending & U.S. Consumer Banking,VP+,64.5624,0.252,0.6335999999999999,64.1808,64.37159999999999,430000,2.3066489999999997,SYNTHETIC_ASSUMPTION
2026-12-01,Membership Rewards & Card Member Benefits,Analyst / Associate,494.9784,1.9320000000000002,4.8576,492.05280000000005,493.51559999999995,145000,5.9633135,SYNTHETIC_ASSUMPTION
2026-12-01,Membership Rewards & Card Member Benefits,Manager / Senior Manager,333.57239999999996,1.302,3.2735999999999996,331.6008,332.5866,205000,5.68168775,SYNTHETIC_ASSUMPTION
2026-12-01,Membership Rewards & Card Member Benefits,Director,182.92680000000001,0.7140000000000001,1.7952,181.84560000000002,182.3862,285000,4.33167225,SYNTHETIC_ASSUMPTION
2026-12-01,Membership Rewards & Card Member Benefits,VP+,64.5624,0.252,0.6335999999999999,64.1808,64.37159999999999,430000,2.3066489999999997,SYNTHETIC_ASSUMPTION
2026-12-01,"Travel, Lifestyle, Dining & Lounges",Analyst / Associate,329.98560000000003,1.2880000000000003,3.2384,328.03520000000003,329.0104,145000,3.9755423333333333,SYNTHETIC_ASSUMPTION
2026-12-01,"Travel, Lifestyle, Dining & Lounges",Manager / Senior Manager,222.3816,0.8680000000000001,2.1824,221.0672,221.7244,205000,3.7877918333333334,SYNTHETIC_ASSUMPTION
2026-12-01,"Travel, Lifestyle, Dining & Lounges",Director,121.95120000000001,0.4760000000000001,1.1968,121.2304,121.59080000000002,285000,2.8877815000000004,SYNTHETIC_ASSUMPTION
2026-12-01,"Travel, Lifestyle, Dining & Lounges",VP+,43.0416,0.168,0.4224,42.7872,42.9144,430000,1.537766,SYNTHETIC_ASSUMPTION
2026-12-01,Cobrand Partnerships & Business Development,Analyst / Associate,412.482,1.61,4.048000000000001,410.04400000000004,411.26300000000003,145000,4.969427916666667,SYNTHETIC_ASSUMPTION
2026-12-01,Cobrand Partnerships & Business Development,Manager / Senior Manager,277.97700000000003,1.085,2.728,276.334,277.1555,205000,4.734739791666667,SYNTHETIC_ASSUMPTION
2026-12-01,Cobrand Partnerships & Business Development,Director,152.43900000000002,0.5950000000000001,1.4960000000000002,151.53800000000004,151.98850000000002,285000,3.6097268750000007,SYNTHETIC_ASSUMPTION
2026-12-01,Cobrand Partnerships & Business Development,VP+,53.802,0.21,0.528,53.484,53.643,430000,1.9222075,SYNTHETIC_ASSUMPTION
2026-12-01,U.S. Consumer Marketing & Acquisition,Analyst / Associate,494.9784,1.9320000000000002,4.8576,492.05280000000005,493.51559999999995,145000,5.9633135,SYNTHETIC_ASSUMPTION
2026-12-01,U.S. Consumer Marketing & Acquisition,Manager / Senior Manager,333.57239999999996,1.302,3.2735999999999996,331.6008,332.5866,205000,5.68168775,SYNTHETIC_ASSUMPTION
2026-12-01,U.S. Consumer Marketing & Acquisition,Director,182.92680000000001,0.7140000000000001,1.7952,181.84560000000002,182.3862,285000,4.33167225,SYNTHETIC_ASSUMPTION
2026-12-01,U.S. Consumer Marketing & Acquisition,VP+,64.5624,0.252,0.6335999999999999,64.1808,64.37159999999999,430000,2.3066489999999997,SYNTHETIC_ASSUMPTION
2026-12-01,"Product, Data & Technology",Analyst / Associate,742.4676000000001,2.898,7.2864,738.0792,740.2734,145000,8.94497025,SYNTHETIC_ASSUMPTION
2026-12-01,"Product, Data & Technology",Manager / Senior Manager,500.35859999999997,1.9529999999999998,4.9104,497.4012,498.87989999999996,205000,8.522531625,SYNTHETIC_ASSUMPTION
2026-12-01,"Product, Data & Technology",Director,274.3902,1.071,2.6928,272.76840000000004,273.5793,285000,6.497508375,SYNTHETIC_ASSUMPTION
2026-12-01,"Product, Data & Technology",VP+,96.8436,0.378,0.9503999999999999,96.2712,96.5574,430000,3.4599735,SYNTHETIC_ASSUMPTION
2026-12-01,"Servicing, Operations & Business Support",Analyst / Associate,659.9712000000001,2.5760000000000005,6.4768,656.0704000000001,658.0208,145000,7.951084666666667,SYNTHETIC_ASSUMPTION
2026-12-01,"Servicing, Operations & Business Support",Manager / Senior Manager,444.7632,1.7360000000000002,4.3648,442.1344,443.4488,205000,7.575583666666667,SYNTHETIC_ASSUMPTION
2026-12-01,"Servicing, Operations & Business Support",Director,243.90240000000003,0.9520000000000002,2.3936,242.4608,243.18160000000003,285000,5.775563000000001,SYNTHETIC_ASSUMPTION
2026-12-01,"Servicing, Operations & Business Support",VP+,86.0832,0.336,0.8448,85.5744,85.8288,430000,3.075532,SYNTHETIC_ASSUMPTION
